"id","name","swings_competitive","percent_swings_competitive","contact","avg_bat_speed","hard_swing_rate","squared_up_per_bat_contact","squared_up_per_swing","blast_per_bat_contact","blast_per_swing","swing_length","swords","batter_run_value","whiffs","whiff_per_swing","batted_ball_events","batted_ball_event_per_swing"
519317,"Stanton, Giancarlo",27,0.9310344827586207,21,"83.333833704",1,0.3333333333333333,0.25925925925925924,0.3333333333333333,0.25925925925925924,"8.602433333",1,0.07711878597056221,6,0.2222222222222222,13,0.48148148148148145
665833,"Cruz, Oneil",29,0.9666666666666667,19,"80.636145862",0.896551724137931,0.2631578947368421,0.1724137931034483,0.3157894736842105,0.20689655172413793,"7.561452759",0,-4.004845926316564,10,0.3448275862068966,10,0.3448275862068966
656941,"Schwarber, Kyle",40,0.975609756097561,30,"78.95921275",0.825,0.36666666666666664,0.275,0.3,0.225,"7.806936",1,-1.9981088545067873,10,0.25,14,0.35
660271,"Ohtani, Shohei",42,0.9545454545454546,24,"78.729273333",0.857142857142857,0.375,0.21428571428571427,0.2916666666666667,0.16666666666666666,"7.985878333",0,-0.7575676625844807,18,0.42857142857142855,9,0.21428571428571427
592450,"Judge, Aaron",47,0.9591836734693877,28,"78.351379574",0.8510638297872339,0.39285714285714285,0.23404255319148937,0.39285714285714285,0.23404255319148937,"8.427882553",1,5.7980688877934465,19,0.40425531914893614,15,0.3191489361702128
666176,"Adell, Jo",23,0.9583333333333334,17,"78.29191",0.8695652173913043,0.058823529411764705,0.043478260869565216,0.058823529411764705,0.043478260869565216,"7.535622609",0,-2.553188392155667,6,0.2608695652173913,4,0.17391304347826086
656305,"Chapman, Matt",34,0.9714285714285714,25,"77.973402647",0.7352941176470588,0.28,0.20588235294117646,0.2,0.14705882352941177,"7.359443529",0,-3.123175663490845,9,0.2647058823529412,12,0.35294117647058826
665742,"Soto, Juan",43,0.9347826086956522,34,"77.957464419",0.883720930232558,0.4411764705882353,0.3488372093023256,0.29411764705882354,0.23255813953488372,"7.438356977",1,3.4777433133682685,9,0.20930232558139536,20,0.46511627906976744
665489,"Guerrero Jr., Vladimir",24,0.8888888888888888,20,"77.777047917",0.75,0.35,0.2916666666666667,0.3,0.25,"7.587437083",1,-3.6121053023152303,4,0.16666666666666666,9,0.375
683002,"Henderson, Gunnar",47,0.9215686274509803,43,"77.414122766",0.8085106382978723,0.3488372093023256,0.3191489361702128,0.27906976744186046,0.2553191489361702,"7.230344255",0,3.0271118707907685,4,0.0851063829787234,21,0.44680851063829785
624585,"Soler, Jorge",25,0.9615384615384616,23,"77.4071492",0.8,0.391304347826087,0.36,0.17391304347826086,0.16,"7.7077268",0,0.35263846690360456,2,0.08,14,0.56
660821,"Sánchez, Jesús",14,0.9333333333333333,11,"77.392784286",0.7857142857142857,0.2727272727272727,0.21428571428571427,0.18181818181818182,0.14285714285714285,"7.299992857",0,-3.1335159842911406,3,0.21428571428571427,6,0.42857142857142855
682985,"Greene, Riley",28,1,22,"77.358746429",0.75,0.2727272727272727,0.21428571428571427,0.18181818181818182,0.14285714285714285,"7.2692775",0,-0.2456678480495209,6,0.21428571428571427,12,0.42857142857142855
670541,"Alvarez, Yordan",29,0.9666666666666667,25,"77.341415517",0.6551724137931033,0.24,0.20689655172413793,0.16,0.13793103448275862,"7.638003448",0,0.0023946322612572457,4,0.13793103448275862,11,0.3793103448275862
661388,"Contreras, William",44,0.9777777777777777,37,"77.293662045",0.7727272727272727,0.35135135135135137,0.29545454545454547,0.16216216216216217,0.13636363636363635,"7.520927955",0,-5.170133445950124,7,0.1590909090909091,17,0.38636363636363635
669394,"Burger, Jake",23,0.9583333333333334,22,"77.281376087",0.7391304347826086,0.4090909090909091,0.391304347826087,0.3181818181818182,0.30434782608695654,"7.302232609",1,0.6960979531222333,1,0.043478260869565216,13,0.5652173913043478
592669,"Renfroe, Hunter",22,1,18,"77.205629545",0.8636363636363635,0.2777777777777778,0.22727272727272727,0.1111111111111111,0.09090909090909091,"7.759028636",0,-2.182806116304766,4,0.18181818181818182,9,0.4090909090909091
673548,"Suzuki, Seiya",34,0.9714285714285714,29,"77.201737059",0.8529411764705883,0.4482758620689655,0.38235294117647056,0.3448275862068966,0.29411764705882354,"7.224374706",0,0.897464674068738,5,0.14705882352941177,21,0.6176470588235294
666624,"Morel, Christopher",27,1,21,"77.19238963",0.7407407407407407,0.42857142857142855,0.3333333333333333,0.3333333333333333,0.25925925925925924,"8.044658519",0,-0.25508330065613116,6,0.2222222222222222,12,0.4444444444444444
592518,"Machado, Manny",28,0.9333333333333333,25,"77.150607857",0.7857142857142857,0.4,0.35714285714285715,0.28,0.25,"7.834838571",1,-3.0173688433483905,3,0.10714285714285714,16,0.5714285714285714
673357,"Robert Jr., Luis",18,0.9473684210526315,11,"77.029441111",0.7777777777777777,0.18181818181818182,0.1111111111111111,0.09090909090909091,0.05555555555555555,"7.658891111",0,-2.912431757756162,7,0.3888888888888889,4,0.2222222222222222
624413,"Alonso, Pete",35,0.9722222222222222,33,"76.996443143",0.7428571428571428,0.30303030303030304,0.2857142857142857,0.24242424242424243,0.22857142857142856,"7.332896857",0,-6.069423688588171,2,0.05714285714285714,13,0.37142857142857144
670042,"Raley, Luke",21,0.9545454545454546,17,"76.982696667",0.8571428571428572,0.4117647058823529,0.3333333333333333,0.35294117647058826,0.2857142857142857,"7.339392857",1,0.6511330088235985,4,0.19047619047619047,9,0.42857142857142855
680777,"Jeffers, Ryan",17,0.9444444444444444,13,"76.899834118",0.6470588235294118,0.3076923076923077,0.23529411764705882,0.23076923076923078,0.17647058823529413,"7.783771765",0,-1.1985772483918138,4,0.23529411764705882,5,0.29411764705882354
663728,"Raleigh, Cal",35,1,30,"76.71189",0.6571428571428571,0.3333333333333333,0.2857142857142857,0.2,0.17142857142857143,"8.034455143",0,-1.9842216103021029,5,0.14285714285714285,15,0.42857142857142855
671218,"Ramos, Heliot",27,0.9310344827586207,21,"76.682426296",0.8148148148148148,0.38095238095238093,0.2962962962962963,0.23809523809523808,0.18518518518518517,"6.982498519",0,-2.150464835317802,6,0.2222222222222222,13,0.48148148148148145
592626,"Pederson, Joc",15,1,14,"76.659298667",0.6666666666666667,0.2857142857142857,0.26666666666666666,0.21428571428571427,0.2,"7.752995333",0,3.113056158272574,1,0.06666666666666667,6,0.4
671739,"Harris II, Michael",17,0.9444444444444444,13,"76.651227059",0.6470588235294118,0.3076923076923077,0.23529411764705882,0.15384615384615385,0.11764705882352941,"8.265072941",0,-1.0289202608821364,4,0.23529411764705882,7,0.4117647058823529
641933,"O'Neill, Tyler",25,0.9259259259259259,18,"76.6495512",0.8,0.4444444444444444,0.32,0.2777777777777778,0.2,"7.5122016",0,3.136761715903143,7,0.28,8,0.32
665487,"Tatis Jr., Fernando",17,0.85,13,"76.615721765",0.7647058823529412,0.23076923076923078,0.17647058823529413,0.23076923076923078,0.17647058823529413,"7.595814118",1,-0.6483508058295382,4,0.23529411764705882,3,0.17647058823529413
681297,"Cowser, Colton",31,0.96875,25,"76.502261613",0.6129032258064516,0.28,0.22580645161290322,0.24,0.1935483870967742,"6.798824194",1,0.09845276284199295,6,0.1935483870967742,13,0.41935483870967744
682829,"De La Cruz, Elly",40,1,33,"76.487517",0.675,0.24242424242424243,0.2,0.18181818181818182,0.15,"7.32634125",0,-2.1227385016364777,7,0.175,16,0.4
677951,"Witt Jr., Bobby",27,0.9642857142857143,22,"76.460575556",0.5555555555555556,0.22727272727272727,0.18518518518518517,0.09090909090909091,0.07407407407407407,"7.368308889",1,-3.3506479331745433,5,0.18518518518518517,12,0.4444444444444444
662139,"Varsho, Daulton",30,1,24,"76.432808333",0.6333333333333334,0.16666666666666666,0.13333333333333333,0.08333333333333333,0.06666666666666667,"7.785433333",0,-1.9656724261288683,6,0.2,7,0.23333333333333334
677594,"Rodríguez, Julio",18,0.8571428571428571,17,"76.406301111",0.6666666666666666,0.29411764705882354,0.2777777777777778,0.29411764705882354,0.2777777777777778,"7.685043333",1,0.1684339929962566,1,0.05555555555555555,9,0.5
663624,"Mountcastle, Ryan",16,1,14,"76.392605",0.75,0.35714285714285715,0.3125,0.2857142857142857,0.25,"7.530844375",0,-0.4161141438329241,2,0.125,12,0.75
621439,"Buxton, Byron",16,0.9411764705882353,11,"76.14918375",0.625,0.18181818181818182,0.125,0.09090909090909091,0.0625,"7.8984925",0,-1.32111595305433,5,0.3125,5,0.3125
677800,"Abreu, Wilyer",22,0.9166666666666666,16,"76.139902727",0.6363636363636364,0.375,0.2727272727272727,0.1875,0.13636363636363635,"7.307151364",0,-0.9160867057183928,6,0.2727272727272727,8,0.36363636363636365
694671,"Langford, Wyatt",31,1,26,"76.063895484",0.6774193548387097,0.2692307692307692,0.22580645161290322,0.15384615384615385,0.12903225806451613,"6.869474839",0,-0.1767400650972063,5,0.16129032258064516,11,0.3548387096774194
572233,"Walker, Christian",41,0.9318181818181818,37,"75.984810976",0.6585365853658537,0.21621621621621623,0.1951219512195122,0.13513513513513514,0.12195121951219512,"7.424370976",0,-3.3898512849824476,4,0.0975609756097561,12,0.2926829268292683
668227,"Arozarena, Randy",39,0.9512195121951219,29,"75.933014359",0.6153846153846153,0.27586206896551724,0.20512820512820512,0.20689655172413793,0.15384615384615385,"7.480874615",1,4.0670730746667,10,0.2564102564102564,13,0.3333333333333333
663586,"Riley, Austin",22,1,21,"75.793437727",0.5454545454545455,0.42857142857142855,0.4090909090909091,0.14285714285714285,0.13636363636363635,"7.713743182",0,1.7407816545943022,1,0.045454545454545456,13,0.5909090909090909
516782,"Marte, Starling",15,1,14,"75.669116667",0.6,0.2857142857142857,0.26666666666666666,0.21428571428571427,0.2,"7.343735333",0,-0.9019728747719551,1,0.06666666666666667,7,0.4666666666666667
607043,"Nimmo, Brandon",30,1,26,"75.562586333",0.5666666666666667,0.34615384615384615,0.3,0.15384615384615385,0.13333333333333333,"7.292675667",0,-3.6974003757932374,4,0.13333333333333333,15,0.5
624424,"Conforto, Michael",24,0.9230769230769231,24,"75.558460417",0.5416666666666666,0.5416666666666666,0.5416666666666666,0.3333333333333333,0.3333333333333333,"7.359323333",0,1.861014649935634,0,0,14,0.5833333333333334
657757,"Sheets, Gavin",22,0.9565217391304348,19,"75.553618636",0.5454545454545454,0.21052631578947367,0.18181818181818182,0.05263157894736842,0.045454545454545456,"7.835014545",1,-3.303017948762836,3,0.13636363636363635,9,0.4090909090909091
667670,"Rooker, Brent",19,0.95,14,"75.535252632",0.6315789473684211,0.42857142857142855,0.3157894736842105,0.35714285714285715,0.2631578947368421,"7.090328947",0,-0.6276169525301302,5,0.2631578947368421,7,0.3684210526315789
621566,"Olson, Matt",40,0.9302325581395349,31,"75.4745725",0.65,0.2903225806451613,0.225,0.0967741935483871,0.075,"7.37664575",0,-0.6146553987837545,9,0.225,12,0.3
502110,"Martinez, J.D.",18,0.9,15,"75.410377778",0.4444444444444445,0.26666666666666666,0.2222222222222222,0.26666666666666666,0.2222222222222222,"8.540381111",0,-0.043425600983497736,3,0.16666666666666666,7,0.3888888888888889
687401,"Ortiz, Joey",14,1,12,"75.39063",0.4285714285714286,0,0,0,0,"7.285590714",0,-2.2148282186313053,2,0.14285714285714285,3,0.21428571428571427
457705,"McCutchen, Andrew",26,1,19,"75.373592308",0.6538461538461539,0.3157894736842105,0.23076923076923078,0.3157894736842105,0.23076923076923078,"7.606647692",0,-0.2532989900123801,7,0.2692307692307692,11,0.4230769230769231
542303,"Ozuna, Marcell",37,0.925,28,"75.359244865",0.5945945945945946,0.32142857142857145,0.24324324324324326,0.25,0.1891891891891892,"7.505006216",0,-1.017173076200397,9,0.24324324324324326,11,0.2972972972972973
606192,"Hernández, Teoscar",21,0.9545454545454546,11,"75.336794286",0.47619047619047616,0.36363636363636365,0.19047619047619047,0.09090909090909091,0.047619047619047616,"7.841304762",1,-2.978904299702582,10,0.47619047619047616,6,0.2857142857142857
606466,"Marte, Ketel",34,1,31,"75.287417059",0.5,0.25806451612903225,0.23529411764705882,0.16129032258064516,0.14705882352941177,"7.506927059",0,-2.646757403776604,3,0.08823529411764706,11,0.3235294117647059
642350,"Siri, Jose",11,1,8,"75.259292727",0.5454545454545454,0.5,0.36363636363636365,0.375,0.2727272727272727,"7.947188182",0,-0.27009996018483945,3,0.2727272727272727,4,0.36363636363636365
547180,"Harper, Bryce",34,1,27,"75.156669706",0.5588235294117647,0.2962962962962963,0.23529411764705882,0.18518518518518517,0.14705882352941177,"7.251150588",0,-4.24557385029803,7,0.20588235294117646,12,0.35294117647058826
664023,"Happ, Ian",30,0.9375,25,"75.103468",0.5,0.4,0.3333333333333333,0.2,0.16666666666666666,"7.139805333",0,-2.87924089587798,5,0.16666666666666666,14,0.4666666666666667
543807,"Springer, George",21,1,21,"75.098745714",0.380952380952381,0.42857142857142855,0.42857142857142855,0.2857142857142857,0.2857142857142857,"7.594372857",0,-2.815716376862169,0,0,13,0.6190476190476191
669911,"Toglia, Michael",24,0.96,16,"75.051400417",0.5416666666666666,0.4375,0.2916666666666667,0.375,0.25,"7.53044",0,2.0223415099831934,8,0.3333333333333333,10,0.4166666666666667
676609,"Caballero, José",16,1,11,"75.0502",0.4375,0.2727272727272727,0.1875,0.2727272727272727,0.1875,"7.199138125",0,1.7623944911482152,5,0.3125,4,0.25
596146,"Kepler, Max",17,0.9444444444444444,16,"75.014916471",0.5882352941176471,0.4375,0.4117647058823529,0.1875,0.17647058823529413,"7.664428824",0,-2.5262836515636646,1,0.058823529411764705,9,0.5294117647058824
666139,"Lowe, Josh",28,0.9655172413793104,22,"75.013558214",0.5,0.4090909090909091,0.32142857142857145,0.13636363636363635,0.10714285714285714,"7.005511429",0,0.13986626413437286,6,0.21428571428571427,11,0.39285714285714285
623993,"Santander, Anthony",40,0.975609756097561,36,"75.0126935",0.5499999999999999,0.2777777777777778,0.25,0.16666666666666666,0.15,"7.36633575",0,-2.2745006965264167,4,0.1,13,0.325
664040,"Lowe, Brandon",20,0.9523809523809523,15,"75.0126715",0.6499999999999999,0.2,0.15,0.13333333333333333,0.1,"7.0448205",1,-0.5481646387306194,5,0.25,6,0.3
672284,"Kelenic, Jarred",24,0.9230769230769231,17,"74.948606667",0.41666666666666663,0.4117647058823529,0.2916666666666667,0.29411764705882354,0.20833333333333334,"7.47702625",2,-2.0713626056617516,7,0.2916666666666667,8,0.3333333333333333
642715,"Adames, Willy",28,0.9333333333333333,20,"74.944319286",0.4642857142857143,0.4,0.2857142857142857,0.15,0.10714285714285714,"8.178438214",0,-0.5700323120533646,8,0.2857142857142857,9,0.32142857142857145
669357,"Gorman, Nolan",22,0.9565217391304348,15,"74.937051364",0.5,0.2,0.13636363636363635,0.2,0.13636363636363635,"7.427825",1,1.7205051507376226,7,0.3181818181818182,6,0.2727272727272727
664056,"Bader, Harrison",25,1,20,"74.90725",0.5599999999999999,0.1,0.08,0.05,0.04,"7.2992376",0,-3.353478063030244,5,0.2,7,0.28
671732,"Butler, Lawrence",27,0.9310344827586207,21,"74.832726296",0.4444444444444445,0.42857142857142855,0.3333333333333333,0.19047619047619047,0.14814814814814814,"7.099831852",1,-3.547705258231167,6,0.2222222222222222,12,0.4444444444444444
681624,"Pages, Andy",17,0.9444444444444444,15,"74.785487647",0.5882352941176471,0.4,0.35294117647058826,0.26666666666666666,0.23529411764705882,"7.781654118",0,-1.1957725940349975,2,0.11764705882352941,9,0.5294117647058824
641487,"Crawford, J.P.",25,1,21,"74.757762",0.44,0.5714285714285714,0.48,0.38095238095238093,0.32,"7.6728824",0,-1.1343820437778378,4,0.16,13,0.52
664238,"Moore, Dylan",27,1,24,"74.652492593",0.40740740740740744,0.25,0.2222222222222222,0.125,0.1111111111111111,"7.111744444",0,0.8143306992548993,3,0.1111111111111111,10,0.37037037037037035
669127,"Langeliers, Shea",19,1,15,"74.625638421",0.4736842105263158,0.26666666666666666,0.21052631578947367,0.13333333333333333,0.10526315789473684,"7.140891579",0,-0.08948648144387844,4,0.21052631578947367,5,0.2631578947368421
521692,"Perez, Salvador",19,0.95,14,"74.6225",0.4736842105263158,0.35714285714285715,0.2631578947368421,0.14285714285714285,0.10526315789473684,"8.063390526",0,-2.2264776231175434,5,0.2631578947368421,6,0.3157894736842105
592206,"Castellanos, Nick",26,1,18,"74.622278462",0.42307692307692313,0.4444444444444444,0.3076923076923077,0.1111111111111111,0.07692307692307693,"7.397758077",0,-4.204178408086632,8,0.3076923076923077,11,0.4230769230769231
664913,"Brown, Seth",20,1,15,"74.60819",0.45,0.3333333333333333,0.25,0.2,0.15,"7.27451",0,0.9140103399816768,5,0.25,6,0.3
678662,"Tovar, Ezequiel",23,1,20,"74.606753478",0.5217391304347826,0.25,0.21739130434782608,0.15,0.13043478260869565,"7.746239565",0,-0.5442634426826245,3,0.13043478260869565,6,0.2608695652173913
682998,"Carroll, Corbin",46,0.9787234042553191,39,"74.597512609",0.5,0.46153846153846156,0.391304347826087,0.2564102564102564,0.21739130434782608,"7.002437826",0,-8.96002781063457,7,0.15217391304347827,26,0.5652173913043478
666160,"Moniak, Mickey",6,0.8571428571428571,6,"74.594291667",0.5,0.16666666666666666,0.16666666666666666,0.16666666666666666,0.16666666666666666,"7.665973333",1,-0.5244719455048892,0,0,2,0.3333333333333333
592663,"Realmuto, J.T.",15,0.9375,12,"74.572360667",0.5333333333333334,0.3333333333333333,0.26666666666666666,0.16666666666666666,0.13333333333333333,"7.854053333",0,0.2888279717399068,3,0.2,9,0.6
571745,"Haniger, Mitch",29,0.9354838709677419,24,"74.572347586",0.4482758620689655,0.375,0.3103448275862069,0.125,0.10344827586206896,"7.074376207",0,0.6678295255888322,5,0.1724137931034483,13,0.4482758620689655
679529,"Torkelson, Spencer",25,0.9615384615384616,17,"74.5460528",0.48,0.058823529411764705,0.04,0,0,"7.4855512",0,-2.4522090158380294,8,0.32,5,0.2
650559,"De La Cruz, Bryan",26,1,18,"74.536088462",0.4230769230769231,0.3888888888888889,0.2692307692307692,0.2222222222222222,0.15384615384615385,"7.877538077",0,0.10158899079485506,8,0.3076923076923077,9,0.34615384615384615
502054,"Pham, Tommy",21,0.9130434782608695,18,"74.431154762",0.28571428571428575,0.3333333333333333,0.2857142857142857,0.2222222222222222,0.19047619047619047,"6.748904762",0,-4.3629088122042425,3,0.14285714285714285,13,0.6190476190476191
650490,"Díaz, Yandy",29,0.9666666666666667,27,"74.410154828",0.4482758620689655,0.37037037037037035,0.3448275862068966,0.25925925925925924,0.2413793103448276,"7.550100345",0,-3.4975102433684424,2,0.06896551724137931,17,0.5862068965517241
694192,"Chourio, Jackson",20,0.9523809523809523,15,"74.351242",0.5,0.3333333333333333,0.25,0.13333333333333333,0.1,"7.323254",0,-1.1605475514085568,5,0.25,9,0.45
680776,"Duran, Jarren",34,0.9444444444444444,27,"74.333709412",0.2941176470588235,0.5555555555555556,0.4411764705882353,0.2962962962962963,0.23529411764705882,"7.487734118",1,-1.1553180729139765,7,0.20588235294117646,18,0.5294117647058824
669004,"Melendez, MJ",25,1,19,"74.299188",0.36,0.3157894736842105,0.24,0.15789473684210525,0.12,"7.784986",0,-1.7872374573843284,6,0.24,7,0.28
553993,"Suárez, Eugenio",35,0.9722222222222222,30,"74.264436857",0.4285714285714286,0.36666666666666664,0.3142857142857143,0.23333333333333334,0.2,"7.734250286",0,-0.612313648961156,5,0.14285714285714285,12,0.34285714285714286
647304,"Naylor, Josh",41,0.9111111111111111,36,"74.180121707",0.43902439024390244,0.4166666666666667,0.36585365853658536,0.2222222222222222,0.1951219512195122,"7.426844634",2,0.42772232849949,5,0.12195121951219512,18,0.43902439024390244
663697,"India, Jonathan",38,0.9743589743589743,33,"74.041838947",0.39473684210526316,0.3333333333333333,0.2894736842105263,0.15151515151515152,0.13157894736842105,"7.189846053",0,-7.598962117127295,5,0.13157894736842105,16,0.42105263157894735
656811,"O'Hearn, Ryan",27,0.9642857142857143,20,"74.034719259",0.4074074074074074,0.3,0.2222222222222222,0.15,0.1111111111111111,"7.239317037",0,-1.5871026251007516,7,0.25925925925925924,10,0.37037037037037035
671277,"García Jr., Luis",22,0.9565217391304348,17,"73.995781364",0.45454545454545453,0.47058823529411764,0.36363636363636365,0.29411764705882354,0.22727272727272727,"7.487739545",1,1.9106436647763902,5,0.22727272727272727,10,0.45454545454545453
664761,"Bohm, Alec",21,0.9545454545454546,19,"73.98899",0.2857142857142857,0.5263157894736842,0.47619047619047616,0.21052631578947367,0.19047619047619047,"7.372013333",0,-2.367427956535802,2,0.09523809523809523,12,0.5714285714285714
663993,"Lowe, Nathaniel",37,0.9736842105263158,33,"73.976051351",0.4324324324324324,0.21212121212121213,0.1891891891891892,0.15151515151515152,0.13513513513513514,"7.146324324",1,-2.4392510909685923,4,0.10810810810810811,13,0.35135135135135137
646240,"Devers, Rafael",36,0.972972972972973,27,"73.896052778",0.27777777777777773,0.3333333333333333,0.25,0.18518518518518517,0.1388888888888889,"7.688331667",0,-3.6692093004681516,9,0.25,15,0.4166666666666667
502671,"Goldschmidt, Paul",29,1,20,"73.715485172",0.37931034482758624,0.2,0.13793103448275862,0.15,0.10344827586206896,"8.020391724",0,-1.914422718629036,9,0.3103448275862069,8,0.27586206896551724
669224,"Wells, Austin",19,1,14,"73.709641053",0.31578947368421056,0.2857142857142857,0.21052631578947367,0.14285714285714285,0.10526315789473684,"7.11058",0,-2.1850639130580674,5,0.2631578947368421,7,0.3684210526315789
682928,"Abrams, CJ",23,0.8846153846153846,15,"73.696442174",0.4347826086956522,0.2,0.13043478260869565,0.13333333333333333,0.08695652173913043,"7.422562609",1,-3.239183882705704,8,0.34782608695652173,6,0.2608695652173913
673237,"Diaz, Yainer",22,1,20,"73.675928182",0.2727272727272727,0.2,0.18181818181818182,0.1,0.09090909090909091,"7.219426818",0,-3.717225309921888,2,0.09090909090909091,9,0.4090909090909091
701538,"Merrill, Jackson",23,0.92,19,"73.667053913",0.2173913043478261,0.3157894736842105,0.2608695652173913,0.10526315789473684,0.08695652173913043,"7.262155217",1,-2.408999650944042,4,0.17391304347826086,8,0.34782608695652173
641857,"McMahon, Ryan",35,0.9210526315789473,27,"73.629281714",0.37142857142857144,0.18518518518518517,0.14285714285714285,0.1111111111111111,0.08571428571428572,"7.209904",0,-4.7567778066652275,8,0.22857142857142856,6,0.17142857142857143
608369,"Seager, Corey",29,0.9354838709677419,25,"73.613446207",0.41379310344827586,0.32,0.27586206896551724,0.16,0.13793103448275862,"6.835163793",0,-2.8997414407366193,4,0.13793103448275862,15,0.5172413793103449
686469,"Pasquantino, Vinnie",25,0.9259259259259259,21,"73.5819552",0.36000000000000004,0.38095238095238093,0.32,0.19047619047619047,0.16,"7.3416808",0,-2.4536505901603327,4,0.16,9,0.36
641680,"Heim, Jonah",23,1,17,"73.560870435",0.2608695652173913,0.4117647058823529,0.30434782608695654,0.17647058823529413,0.13043478260869565,"7.675226957",0,-3.2392473655918534,6,0.2608695652173913,8,0.34782608695652173
607208,"Turner, Trea",28,0.9655172413793104,25,"73.544723571",0.28571428571428575,0.24,0.21428571428571427,0.16,0.14285714285714285,"7.571165357",0,-2.6934448768340937,3,0.10714285714285714,12,0.42857142857142855
571771,"Hernández, Enrique",15,1,14,"73.496933333",0.4,0.2857142857142857,0.26666666666666666,0.07142857142857142,0.06666666666666667,"7.542029333",0,-1.7499692734450403,1,0.06666666666666667,5,0.3333333333333333
666181,"Benson, Will",13,1,11,"73.495330769",0.46153846153846156,0.2727272727272727,0.23076923076923078,0.18181818181818182,0.15384615384615385,"7.690375385",0,-1.406363155757581,2,0.15384615384615385,4,0.3076923076923077
663898,"Rodgers, Brendan",15,0.9375,14,"73.490827333",0.4,0.42857142857142855,0.4,0.21428571428571427,0.2,"7.032612",0,-1.0341315303360914,1,0.06666666666666667,9,0.6
596019,"Lindor, Francisco",42,0.9545454545454546,34,"73.439614286",0.38095238095238093,0.23529411764705882,0.19047619047619047,0.17647058823529413,0.14285714285714285,"7.660247619",0,-3.3958099476817085,8,0.19047619047619047,16,0.38095238095238093
672580,"Garcia, Maikel",33,0.9428571428571428,30,"73.350206667",0.3939393939393939,0.5333333333333333,0.48484848484848486,0.1,0.09090909090909091,"7.354790909",0,-4.707214528291312,3,0.09090909090909091,18,0.5454545454545454
666969,"García, Adolis",43,0.9772727272727273,37,"73.333508372",0.4651162790697675,0.43243243243243246,0.37209302325581395,0.1891891891891892,0.16279069767441862,"7.89799814",0,-2.4061725546584722,6,0.13953488372093023,21,0.4883720930232558
665161,"Peña, Jeremy",16,0.9411764705882353,10,"73.290429375",0.375,0.5,0.3125,0.4,0.25,"7.887095",0,0.05143903367244951,6,0.375,7,0.4375
571448,"Arenado, Nolan",35,1,33,"73.236527714",0.2571428571428572,0.2727272727272727,0.2571428571428571,0.12121212121212122,0.11428571428571428,"8.340066",0,-3.370422528156892,2,0.05714285714285714,16,0.45714285714285713
663837,"Vierling, Matt",29,0.9666666666666667,27,"73.17334069",0.27586206896551724,0.3333333333333333,0.3103448275862069,0.2222222222222222,0.20689655172413793,"7.493999655",0,-3.209806029714621,2,0.06896551724137931,15,0.5172413793103449
672275,"Bailey, Patrick",30,1,25,"73.136989",0.26666666666666666,0.24,0.2,0.24,0.2,"7.374424333",0,-0.11739783729924413,5,0.16666666666666666,11,0.36666666666666664
668709,"Bleday, JJ",23,0.9583333333333334,17,"73.126675652",0.13043478260869565,0.35294117647058826,0.2608695652173913,0.11764705882352941,0.08695652173913043,"7.291036957",1,-3.7712018285339366,6,0.2608695652173913,6,0.2608695652173913
686676,"Lee, Korey",13,1,12,"73.115922308",0.3076923076923077,0.4166666666666667,0.38461538461538464,0.08333333333333333,0.07692307692307693,"7.02391",0,-0.8970498717277803,1,0.07692307692307693,5,0.38461538461538464
676356,"DeLuca, Jonny",7,1,5,"73.113698571",0.2857142857142857,0,0,0,0,"7.685697143",0,-0.7406036673432845,2,0.2857142857142857,1,0.14285714285714285
606115,"Arcia, Orlando",28,1,21,"73.0983975",0.2857142857142857,0.19047619047619047,0.14285714285714285,0.09523809523809523,0.07142857142857142,"8.126213214",0,-4.42116293422093,7,0.25,8,0.2857142857142857
664034,"France, Ty",21,1,19,"73.086899048",0.2857142857142857,0.21052631578947367,0.19047619047619047,0.15789473684210525,0.14285714285714285,"7.747434762",0,-4.2003160022663515,2,0.09523809523809523,8,0.38095238095238093
592192,"Canha, Mark",13,0.9285714285714286,13,"73.049776923",0.23076923076923078,0.23076923076923078,0.23076923076923078,0,0,"7.714840769",1,-2.5679974532467114,0,0,5,0.38461538461538464
672820,"Sosa, Lenyn",10,0.8333333333333334,8,"72.967148",0.4,0.625,0.5,0.375,0.3,"7.322103",0,1.688055368042882,2,0.2,5,0.5
678882,"Rafaela, Ceddanne",17,1,14,"72.958497647",0.3529411764705882,0.2857142857142857,0.23529411764705882,0.14285714285714285,0.11764705882352941,"7.349868824",0,-0.28419197386530487,3,0.17647058823529413,5,0.29411764705882354
691718,"Crow-Armstrong, Pete",9,1,7,"72.924906667",0.2222222222222222,0.42857142857142855,0.3333333333333333,0.14285714285714285,0.1111111111111111,"7.159913333",0,-1.0584495049904374,2,0.2222222222222222,3,0.3333333333333333
656555,"Hoskins, Rhys",35,0.9722222222222222,31,"72.920186571",0.2571428571428571,0.3548387096774194,0.3142857142857143,0.25806451612903225,0.22857142857142856,"8.323561714",0,3.8564339169760493,4,0.11428571428571428,12,0.34285714285714286
657041,"Thomas, Lane",28,1,23,"72.881413214",0.14285714285714288,0.34782608695652173,0.2857142857142857,0.2608695652173913,0.21428571428571427,"6.865500357",0,0.32786696396847936,5,0.17857142857142858,13,0.4642857142857143
690993,"Keith, Colt",13,0.9285714285714286,10,"72.878283846",0.15384615384615385,0.5,0.38461538461538464,0.3,0.23076923076923078,"6.497086923",0,-1.6646184822697616,3,0.23076923076923078,6,0.46153846153846156
656775,"Mullins, Cedric",24,0.96,20,"72.840085417",0.16666666666666669,0.3,0.25,0.1,0.08333333333333333,"7.54571125",0,-4.698631687451776,4,0.16666666666666666,8,0.3333333333333333
686668,"Doyle, Brenton",20,0.9090909090909091,16,"72.795715",0.15000000000000002,0.5,0.4,0.25,0.2,"7.520728",1,0.9276612858485482,4,0.2,10,0.5
680869,"Gelof, Zack",18,0.9473684210526315,14,"72.751147222",0.22222222222222224,0.5,0.3888888888888889,0.35714285714285715,0.2777777777777778,"7.326379444",0,-0.9594632948616093,4,0.2222222222222222,8,0.4444444444444444
665862,"Chisholm Jr., Jazz",37,1,30,"72.741616486",0.2972972972972973,0.26666666666666666,0.21621621621621623,0.16666666666666666,0.13513513513513514,"7.554216757",0,-3.9381008874262644,7,0.1891891891891892,13,0.35135135135135137
680977,"Donovan, Brendan",29,1,25,"72.73807069",0.24137931034482757,0.36,0.3103448275862069,0.16,0.13793103448275862,"7.20723931",0,-3.8551069476718465,4,0.13793103448275862,13,0.4482758620689655
669016,"Marsh, Brandon",36,0.9473684210526315,32,"72.708645556",0.19444444444444445,0.53125,0.4722222222222222,0.3125,0.2777777777777778,"7.2423975",0,-1.5993261227698568,4,0.1111111111111111,22,0.6111111111111112
676475,"Burleson, Alec",13,0.9285714285714286,13,"72.703812308",0.3076923076923077,0.38461538461538464,0.38461538461538464,0.3076923076923077,0.3076923076923077,"7.492920769",0,0.7700801431495394,0,0,6,0.46153846153846156
668901,"Vientos, Mark",16,0.8888888888888888,12,"72.69460375",0.25,0.16666666666666666,0.125,0.08333333333333333,0.0625,"8.03315125",1,-1.4595781709474815,4,0.25,3,0.1875
676914,"Schneider, Davis",24,1,16,"72.62614375",0.16666666666666669,0.3125,0.20833333333333334,0.125,0.08333333333333333,"7.113786667",0,-1.5524601119947294,8,0.3333333333333333,6,0.25
666158,"Lux, Gavin",24,0.96,21,"72.624969583",0.16666666666666669,0.47619047619047616,0.4166666666666667,0.23809523809523808,0.20833333333333334,"7.2108325",0,-2.141322286307725,3,0.125,13,0.5416666666666666
672640,"Lopez, Otto",14,1,14,"72.621362857",0.4285714285714286,0.2857142857142857,0.2857142857142857,0.07142857142857142,0.07142857142857142,"6.534685714",0,-1.4445347879486556,0,0,7,0.5
650402,"Torres, Gleyber",34,1,28,"72.618437647",0.17647058823529413,0.4642857142857143,0.38235294117647056,0.25,0.20588235294117646,"7.230327059",0,1.1521171139488957,6,0.17647058823529413,14,0.4117647058823529
663886,"Stephenson, Tyler",26,1,24,"72.611396538",0.19230769230769232,0.6666666666666666,0.6153846153846154,0.375,0.34615384615384615,"7.382666154",0,3.1149337100758467,2,0.07692307692307693,19,0.7307692307692307
467793,"Santana, Carlos",39,0.975,29,"72.603742564",0.3076923076923077,0.3793103448275862,0.28205128205128205,0.10344827586206896,0.07692307692307693,"7.561492821",0,-3.801615707952011,10,0.2564102564102564,16,0.41025641025641024
691026,"Winn, Masyn",37,0.9736842105263158,33,"72.570815135",0.2702702702702703,0.45454545454545453,0.40540540540540543,0.21212121212121213,0.1891891891891892,"7.393530811",0,-5.624585069164079,4,0.10810810810810811,21,0.5675675675675675
608070,"Ramírez, José",37,0.9736842105263158,30,"72.55623",0.2702702702702703,0.2,0.16216216216216217,0.16666666666666666,0.13513513513513514,"7.327956486",0,-5.367618247086855,7,0.1891891891891892,13,0.35135135135135137
621020,"Swanson, Dansby",34,0.8947368421052632,20,"72.554663529",0.32352941176470584,0.3,0.17647058823529413,0.1,0.058823529411764705,"7.432108824",2,-4.738849326253511,14,0.4117647058823529,12,0.35294117647058826
595777,"Profar, Jurickson",34,0.8947368421052632,30,"72.465533235",0.29411764705882354,0.3,0.2647058823529412,0.16666666666666666,0.14705882352941177,"7.353914706",0,1.0847382770072491,4,0.11764705882352941,13,0.38235294117647056
683734,"Vaughn, Andrew",34,0.9444444444444444,32,"72.409569706",0.26470588235294124,0.28125,0.2647058823529412,0.15625,0.14705882352941177,"7.439891471",1,-4.761199677702922,2,0.058823529411764705,14,0.4117647058823529
676694,"Meyers, Jake",12,1,11,"72.357810833",0.25,0.36363636363636365,0.3333333333333333,0.18181818181818182,0.16666666666666666,"7.065000833",0,1.4370629970201532,1,0.08333333333333333,7,0.5833333333333334
668715,"Steer, Spencer",26,0.9629629629629629,21,"72.328892692",0.19230769230769235,0.2857142857142857,0.23076923076923078,0.09523809523809523,0.07692307692307693,"7.339940769",1,-0.8102757438050708,5,0.19230769230769232,9,0.34615384615384615
681351,"O'Hoppe, Logan",11,0.9166666666666666,8,"72.322649091",0.09090909090909091,0.125,0.09090909090909091,0,0,"7.251265455",0,-1.5613817726473076,3,0.2727272727272727,2,0.18181818181818182
593428,"Bogaerts, Xander",15,1,10,"72.316750667",0.33333333333333337,0.4,0.26666666666666666,0.1,0.06666666666666667,"7.273583333",0,-0.8796058658285948,5,0.3333333333333333,8,0.5333333333333333
666310,"Naylor, Bo",26,0.9629629629629629,21,"72.313597692",0.19230769230769232,0.5238095238095238,0.4230769230769231,0.38095238095238093,0.3076923076923077,"7.422762308",0,-3.180548441800495,5,0.19230769230769232,14,0.5384615384615384
665750,"Taveras, Leody",27,0.9310344827586207,20,"72.301811852",0.22222222222222224,0.35,0.25925925925925924,0.15,0.1111111111111111,"7.216378519",0,-4.098503634784875,7,0.25925925925925924,12,0.4444444444444444
676059,"Westburg, Jordan",16,1,13,"72.27041125",0.25,0.5384615384615384,0.4375,0.23076923076923078,0.1875,"6.627436875",0,-2.2334176996753325,3,0.1875,9,0.5625
605137,"Bell, Josh",45,0.9782608695652174,35,"72.269667778",0.2222222222222222,0.3142857142857143,0.24444444444444444,0.14285714285714285,0.1111111111111111,"7.952831778",0,-3.1828685223824977,10,0.2222222222222222,18,0.4
668804,"Reynolds, Bryan",31,0.96875,26,"72.252264839",0.16129032258064516,0.4230769230769231,0.3548387096774194,0.23076923076923078,0.1935483870967742,"6.535739032",0,-4.032024978984335,5,0.16129032258064516,12,0.3870967741935484
669701,"Smith, Josh",25,0.9615384615384616,21,"72.150358",0.16000000000000003,0.42857142857142855,0.36,0.23809523809523808,0.2,"6.9666812",0,-1.278030907204632,4,0.16,14,0.56
657557,"DeJong, Paul",9,1,6,"72.131397778",0.11111111111111113,0.16666666666666666,0.1111111111111111,0.16666666666666666,0.1111111111111111,"6.72056",0,-1.1865942752286287,3,0.3333333333333333,1,0.1111111111111111
683737,"Busch, Michael",34,0.918918918918919,21,"72.099211176",0.14705882352941177,0.42857142857142855,0.2647058823529412,0.14285714285714285,0.08823529411764706,"7.395300882",1,-3.3151906522086976,13,0.38235294117647056,10,0.29411764705882354
665926,"Giménez, Andrés",26,0.9629629629629629,22,"72.062387692",0.30769230769230765,0.4090909090909091,0.34615384615384615,0.3181818181818182,0.2692307692307692,"7.202501154",0,-0.45003435406298686,4,0.15384615384615385,10,0.38461538461538464
657136,"Wong, Connor",19,0.95,15,"71.980405263",0.21052631578947367,0.3333333333333333,0.2631578947368421,0,0,"7.135573684",0,-1.7962089013624132,4,0.21052631578947367,8,0.42105263157894735
650489,"Castro, Willi",34,1,26,"71.931357353",0.29411764705882354,0.2692307692307692,0.20588235294117646,0.15384615384615385,0.11764705882352941,"7.110185294",0,-1.3600188484477527,8,0.23529411764705882,13,0.38235294117647056
641584,"Fraley, Jake",11,0.9166666666666666,10,"71.844075455",0.18181818181818182,0,0,0,0,"6.67633",0,-2.190909965869441,1,0.09090909090909091,4,0.36363636363636365
669707,"Triolo, Jared",17,1,12,"71.655761176",0.11764705882352942,0.3333333333333333,0.23529411764705882,0.16666666666666666,0.11764705882352941,"7.65268",0,-1.795205914187068,5,0.29411764705882354,5,0.29411764705882354
669304,"Miranda, Jose",21,0.9130434782608695,19,"71.611836667",0.2380952380952381,0.3684210526315789,0.3333333333333333,0.10526315789473684,0.09523809523809523,"7.337596667",0,-1.3926191784055675,2,0.09523809523809523,13,0.6190476190476191
687263,"Neto, Zach",15,0.9375,12,"71.601027333",0.2,0.5,0.4,0.16666666666666666,0.13333333333333333,"7.087657333",0,-3.1584956465206666,3,0.2,8,0.5333333333333333
683011,"Volpe, Anthony",33,1,24,"71.590897879",0.12121212121212122,0.3333333333333333,0.24242424242424243,0.20833333333333334,0.15151515151515152,"7.048684848",0,-3.832807784052254,9,0.2727272727272727,12,0.36363636363636365
514888,"Altuve, Jose",33,1,26,"71.519678485",0.3333333333333333,0.5384615384615384,0.42424242424242425,0.23076923076923078,0.18181818181818182,"8.143462121",0,-2.4383693694574897,7,0.21212121212121213,16,0.48484848484848486
593871,"Polanco, Jorge",24,0.96,21,"71.519023333",0.16666666666666669,0.47619047619047616,0.4166666666666667,0.2857142857142857,0.25,"7.113492083",0,-0.44048163281915587,3,0.125,11,0.4583333333333333
573262,"Yastrzemski, Mike",30,0.9375,20,"71.503546333",0.06666666666666668,0.55,0.36666666666666664,0.15,0.1,"7.533222",0,-1.9000895923405428,10,0.3333333333333333,12,0.4
677587,"Rocchio, Brayan",20,1,17,"71.4668735",0.1,0.4117647058823529,0.35,0.17647058823529413,0.15,"7.395555",0,-1.6664897127677762,3,0.15,10,0.5
608385,"Winker, Jesse",26,0.9629629629629629,25,"71.438489231",0.23076923076923078,0.24,0.23076923076923078,0.12,0.11538461538461539,"7.27258",0,0.055539994615441346,1,0.038461538461538464,9,0.34615384615384615
518692,"Freeman, Freddie",41,1,33,"71.419672195",0.12195121951219512,0.5151515151515151,0.4146341463414634,0.3333333333333333,0.2682926829268293,"6.911517561",0,-0.668016849246259,8,0.1951219512195122,18,0.43902439024390244
672761,"Pérez, Wenceel",22,1,18,"71.40523",0.13636363636363635,0.3888888888888889,0.3181818181818182,0.1111111111111111,0.09090909090909091,"6.945339545",0,0.3783763434309545,4,0.18181818181818182,8,0.36363636363636365
643289,"Dubón, Mauricio",11,1,10,"71.364322727",0.18181818181818182,0.3,0.2727272727272727,0.1,0.09090909090909091,"7.59071",0,-1.891656435530171,1,0.09090909090909091,3,0.2727272727272727
686681,"Massey, Michael",7,1,7,"71.309828571",0.14285714285714285,0.42857142857142855,0.42857142857142855,0.14285714285714285,0.14285714285714285,"6.753102857",0,0.04144409838930416,0,0,3,0.42857142857142855
570482,"Urshela, Gio",10,0.9090909090909091,10,"71.289946",0.1,0.4,0.4,0.1,0.1,"7.283989",0,-1.644214460418762,0,0,5,0.5
681082,"Stott, Bryson",22,1,20,"71.275992273",0.13636363636363635,0.4,0.36363636363636365,0.2,0.18181818181818182,"7.315044091",0,-1.4467259702760293,2,0.09090909090909091,10,0.45454545454545453
608324,"Bregman, Alex",26,0.9629629629629629,22,"71.274512308",0.11538461538461538,0.36363636363636365,0.3076923076923077,0.13636363636363635,0.11538461538461539,"7.088935769",0,-2.017658114651002,4,0.15384615384615385,11,0.4230769230769231
666971,"Gurriel Jr., Lourdes",14,0.875,11,"71.268317143",0.14285714285714285,0.2727272727272727,0.21428571428571427,0,0,"7.385656429",0,-2.7325924703235343,3,0.21428571428571427,7,0.5
681807,"Fry, David",13,1,7,"71.253205385",0.07692307692307694,0.2857142857142857,0.15384615384615385,0,0,"7.643385385",0,-1.9354504173786344,6,0.46153846153846156,3,0.23076923076923078
664728,"Isbel, Kyle",11,1,10,"71.084272727",0.09090909090909091,0.4,0.36363636363636365,0.1,0.09090909090909091,"6.977614545",0,-2.5055688406308745,1,0.09090909090909091,5,0.45454545454545453
643446,"McNeil, Jeff",14,0.9333333333333333,12,"70.985425714",0.07142857142857142,0.75,0.6428571428571429,0.25,0.21428571428571427,"7.255801429",0,-3.4569778542326763,2,0.14285714285714285,9,0.6428571428571429
630105,"Cronenworth, Jake",30,0.967741935483871,25,"70.954597333",0.13333333333333333,0.32,0.26666666666666666,0.16,0.13333333333333333,"7.310371",0,-3.9058669989690236,5,0.16666666666666666,11,0.36666666666666664
668939,"Rutschman, Adley",28,1,22,"70.939859286",0.2142857142857143,0.2727272727272727,0.21428571428571427,0.09090909090909091,0.07142857142857142,"7.132941786",0,-2.1018930610005646,6,0.21428571428571427,9,0.32142857142857145
641355,"Bellinger, Cody",30,0.967741935483871,28,"70.776578667",0.09999999999999998,0.35714285714285715,0.3333333333333333,0.10714285714285714,0.1,"7.809771",1,-4.645523786898213,2,0.06666666666666667,13,0.43333333333333335
669257,"Smith, Will",30,0.967741935483871,26,"70.708395667",0.09999999999999998,0.34615384615384615,0.3,0.15384615384615385,0.13333333333333333,"7.379084",0,-4.44293817062486,4,0.13333333333333333,14,0.4666666666666667
680474,"Schuemann, Max",22,0.9565217391304348,17,"70.516422273",0.09090909090909091,0.29411764705882354,0.22727272727272727,0.11764705882352941,0.09090909090909091,"6.754478636",1,-1.8462259236756446,5,0.22727272727272727,11,0.5
663368,"Perkins, Blake",18,0.9473684210526315,12,"70.500568889",0.05555555555555555,0.5,0.3333333333333333,0.08333333333333333,0.05555555555555555,"7.198009444",0,-2.3265248815733157,6,0.3333333333333333,8,0.4444444444444444
696285,"Young, Jacob",10,0.8333333333333334,10,"70.498307",0,0.5,0.5,0.2,0.2,"6.944606",1,-1.3329982342526705,0,0,5,0.5
543760,"Semien, Marcus",29,0.9666666666666667,22,"70.391424483",0.10344827586206896,0.4090909090909091,0.3103448275862069,0.18181818181818182,0.13793103448275862,"7.934466897",0,-0.6093686179147657,7,0.2413793103448276,15,0.5172413793103449
621493,"Ward, Taylor",33,1,31,"70.201573636",0.09090909090909091,0.5161290322580645,0.48484848484848486,0.1935483870967742,0.18181818181818182,"6.934969091",0,-1.1530707397142197,2,0.06060606060606061,19,0.5757575757575758
453568,"Blackmon, Charlie",25,1,23,"70.12174",0.12000000000000001,0.30434782608695654,0.28,0.08695652173913043,0.08,"7.287482",0,-0.41287457449230736,2,0.08,11,0.44
687462,"Horwitz, Spencer",17,1,11,"69.730826471",0.058823529411764705,0.2727272727272727,0.17647058823529413,0.09090909090909091,0.058823529411764705,"7.091976471",0,-1.8459406024538867,6,0.35294117647058826,3,0.17647058823529413
645277,"Albies, Ozzie",17,0.9444444444444444,15,"69.654666471",0.11764705882352942,0.3333333333333333,0.29411764705882354,0.06666666666666667,0.058823529411764705,"7.216789412",0,-2.788569559488331,2,0.11764705882352941,7,0.4117647058823529
643217,"Benintendi, Andrew",32,0.9142857142857143,30,"69.622253438",0,0.5666666666666667,0.53125,0.13333333333333333,0.125,"6.789716875",0,-1.6654914934804288,2,0.0625,19,0.59375
693304,"Gonzales, Nick",12,0.9230769230769231,9,"69.617359167",0,0.3333333333333333,0.25,0.2222222222222222,0.16666666666666666,"6.924400833",1,-1.0854795726436899,3,0.25,5,0.4166666666666667
664983,"McCarthy, Jake",20,0.9090909090909091,19,"69.6078855",0.05,0.3684210526315789,0.35,0.05263157894736842,0.05,"6.641436",0,-5.310042603183678,1,0.05,11,0.55
663538,"Hoerner, Nico",13,1,13,"69.542577692",0,0.46153846153846156,0.46153846153846156,0.3076923076923077,0.3076923076923077,"6.966404615",0,0.9725427807051774,0,0,7,0.5384615384615384
676391,"Clement, Ernie",7,1,7,"69.495001429",0.14285714285714288,0.2857142857142857,0.2857142857142857,0,0,"6.839207143",0,-1.6800073928262715,0,0,4,0.5714285714285714
670623,"Paredes, Isaac",38,0.9743589743589743,28,"69.425027368",0,0.35714285714285715,0.2631578947368421,0.07142857142857142,0.05263157894736842,"8.246600789",1,-1.3108866802621597,10,0.2631578947368421,13,0.34210526315789475
600869,"Candelario, Jeimer",21,0.9545454545454546,17,"69.245135238",0.14285714285714285,0.5294117647058824,0.42857142857142855,0.29411764705882354,0.23809523809523808,"7.738787619",0,-1.1319821522023767,4,0.19047619047619047,10,0.47619047619047616
605141,"Betts, Mookie",22,0.9565217391304348,21,"69.112279545",0.09090909090909091,0.5238095238095238,0.5,0.09523809523809523,0.09090909090909091,"6.774061364",0,-4.883896720412507,1,0.045454545454545456,14,0.6363636363636364
686217,"Frelick, Sal",17,0.9444444444444444,17,"68.814217647",0.11764705882352941,0.35294117647058826,0.35294117647058826,0.058823529411764705,0.058823529411764705,"7.149461765",0,-3.2666431446758444,0,0,8,0.47058823529411764
660688,"Ruiz, Keibert",17,1,15,"68.761212353",0,0.4,0.35294117647058826,0,0,"7.090343529",0,-3.685139902832273,2,0.11764705882352941,9,0.5294117647058824
668930,"Turang, Brice",20,0.9523809523809523,16,"68.6634165",0.1,0.5625,0.45,0.125,0.1,"6.0700765",1,-2.8480338925827593,4,0.2,9,0.45
657077,"Verdugo, Alex",35,1,33,"68.570642286",0.057142857142857134,0.45454545454545453,0.42857142857142855,0.12121212121212122,0.11428571428571428,"6.269015429",0,-7.75261323180988,2,0.05714285714285714,20,0.5714285714285714
668942,"Rojas, Josh",23,0.92,22,"68.172007826",0,0.5,0.4782608695652174,0.22727272727272727,0.21739130434782608,"7.294844783",0,-2.6573027032204517,1,0.043478260869565216,11,0.4782608695652174
643396,"Kiner-Falefa, Isiah",5,1,5,"67.927168",0,0.6,0.6,0.2,0.2,"6.517876",0,-0.6308922730422213,0,0,4,0.8
694384,"Schanuel, Nolan",21,0.9545454545454546,18,"66.97126619",0.047619047619047616,0.2222222222222222,0.19047619047619047,0.1111111111111111,0.09523809523809523,"6.523455238",0,-2.414610367220529,3,0.14285714285714285,5,0.23809523809523808
680757,"Kwan, Steven",28,0.9333333333333333,27,"66.062653571",0,0.3333333333333333,0.32142857142857145,0.037037037037037035,0.03571428571428571,"6.440485357",0,-2.009561818847733,1,0.03571428571428571,13,0.4642857142857143
457759,"Turner, Justin",20,1,17,"66.005052",0,0.4117647058823529,0.35,0,0,"6.4170655",0,-2.1785240775013683,3,0.15,8,0.4
670032,"Lopez, Nicky",15,1,12,"65.251309333",0.06666666666666668,0.3333333333333333,0.26666666666666666,0.08333333333333333,0.06666666666666667,"6.81357",0,-1.4753251444898328,3,0.2,6,0.4
650333,"Arraez, Luis",26,0.9629629629629629,25,"65.039946538",0,0.68,0.6538461538461539,0.04,0.038461538461538464,"5.975154231",0,1.0754240972561055,1,0.038461538461538464,20,0.7692307692307693