Name,id,avg_bat_speed,swing_length,avg_hit_angle,squared_up_per_swing,blast_per_swing,whiff_per_swing,oz_swing_percent,BatSpeeds,LaunchAngle,SwingLength,SquaredUpRate,BlastRate,WhiffRate,ChaseRate,swingplus,AVG,ISO,wRC.
Giancarlo Stanton,519317,81.224575608,8.564391343,14.7,0.2027972027972028,0.1874125874125874,0.32167832167832167,31,3.5246532065823746,0,3.163167119071216,-1.1996938864942945,2.5425115187836846,1.5191565384731722,0.3911583759986837,3.2278585960481707,0.232613908,0.242206235,115.84083800562564
Juan Soto,665742,75.428274083,7.287238654,10.7,0.31921824104234525,0.20521172638436483,0.18783930510314875,18.3,1.361299335572989,0,-0.13308931781278124,1.5515099799396588,3.116212001284677,-0.7391256429297517,-1.9168968439084424,2.987501321468244,0.288194444,0.28125,179.6323630976572
Aaron Judge,592450,77.146849535,8.178267574,19,0.2415841584158416,0.18415841584158416,0.2861386138613861,18.7,2.0027233264869024,0,2.166604241380589,-0.28309991109523386,2.4376233102368676,0.9194906790772828,-1.8442021913129427,2.954630877550094,0.322003577,0.379248659,218.4253797567829
Vladimir Guerrero Jr.,665489,75.877687505,7.739410296,7.4,0.27724665391969405,0.19407265774378585,0.19694072657743783,27.5,1.5290339266693795,-0.6448711449525201,1.0339392593935461,0.5596583823867957,2.757178395004919,-0.5855562394271439,-0.24491983421194166,2.4946779234783,0.323051948,0.22077922,165.02279452706466
Shohei Ohtani,660271,76.29870178,7.740923516,16.2,0.2745792736935341,0.183348095659876,0.2887511071744907,26.6,1.6861691028921988,0,1.0378447917612743,0.4966241842549387,2.411505132275373,0.9635715999401815,-0.4084828025518165,2.401149816057633,0.309748427,0.336477988,181.1541443950144
Kyle Schwarber,656941,77.516124338,7.710202054,15,0.23253388946819603,0.16475495307612095,0.28362877997914493,20.9,2.140547777318292,0,0.958554494101347,-0.4969713495941818,1.812212386237287,0.8771419434127232,-1.4443816020376925,2.38837299777851,0.247818499,0.237347295,135.29060144829
Gunnar Henderson,683002,76.28623982,7.233485852,9.2,0.25247971145175835,0.17853922452660054,0.21731289449954916,23.2,1.6815179250178118,-0.19842189075462174,-0.2718221577614516,-0.025621640061166184,2.256505966651704,-0.24181414543759222,-1.0263873496135671,2.265242721692372,0.28095238,0.247619048,154.74504761804943
Yordan Alvarez,670541,76.545736991,7.582607888,18.3,0.2778993435448578,0.18161925601750548,0.1892778993435449,30.5,1.7783700654693593,0,0.6292414099190184,0.575082417830894,2.355781305489848,-0.7148520654447382,0.3002900602543086,2.2528491835971214,0.307971014,0.259057971,167.82060649985647
Yandy Díaz,650490,73.258058337,7.516551718,5,0.31929046563192903,0.1917960088691796,0.12638580931263857,22.8,0.5513096180289809,-1.240136817216385,0.4587542963312985,1.553216755391155,2.683797623051965,-1.7760380327535443,-1.099082002209067,2.1866350679262347,0.280639431,0.13321492,120.34472436052371
Oneil Cruz,665833,78.564221598,7.664186142,9.8,0.22945205479452052,0.16552511415525115,0.3264840182648402,31.7,2.53172916338591,-0.04960547268865522,0.839790114998132,-0.5697997283625704,1.8370361590838875,1.6002436478099933,0.5183740180408086,2.100127108220602,0.258780036,0.190388171,109.87635802813168
Manny Machado,592518,75.219474579,7.775955276,12.7,0.25072604065827686,0.16360116166505323,0.2149080348499516,29.7,1.2833690875872725,0,1.1282597166092911,-0.06706351294087205,1.7750234699484362,-0.28239163796878325,0.15490075506330842,1.7316026332116086,0.274873524,0.197301855,121.96089094724196
Fernando Tatis Jr.,665487,74.711434418,7.329773475,10,0.28144654088050314,0.16981132075471697,0.24842767295597484,28.2,1.0937532361366171,0,-0.023309431100303295,0.6589080147499189,1.9751888415317016,0.28318933683904013,-0.11770419216981673,1.7212167843045993,0.276381909,0.216080402,134.82324254002185
Ketel Marte,606466,73.683026329,7.637226482,9.4,0.3047058823529412,0.1623529411764706,0.2011764705882353,26,0.7099204402201713,-0.1488164180659661,0.7702088084115359,1.2085611629630102,1.7347909228739429,-0.5140860099728245,-0.5175247814450669,1.633770670480175,0.291666666,0.267857143,151.20131715041614
Matt Chapman,656305,76.599640596,7.451106121,16.2,0.21515151515151515,0.1414141414141414,0.23535353535353531,24.2,1.7984885103147759,0,0.2898430359667469,-0.9077429433602255,1.059893134520964,0.06258780568376697,-0.8446507181248171,1.5721162920230016,0.246956521,0.215652174,120.56826390869956
Austin Riley,663586,75.230383329,7.509214257,15.9,0.2440318302387268,0.15119363395225463,0.253315649867374,28,1.2874405608256099,0,0.4398167383870157,-0.22525775228624262,1.375104988118292,0.36566477221345994,-0.15405151846756662,1.4472784913241654,0.256470588,0.204705882,115.94339531237584
William Contreras,661388,74.668738789,7.341808587,6.1,0.26055045871559634,0.1559633027522936,0.25412844036697246,25.6,1.077817944662574,-0.9673067174287803,0.00775248948311816,0.1651022309158975,1.528840587143115,0.3793790862410581,-0.5902194340405666,1.42738595705943,0.280672268,0.18487395,130.742438133437
Bobby Witt Jr.,677951,74.664595032,7.096457183,15.1,0.2745274527452745,0.16111611161116113,0.21242124212421243,32.1,1.0762713700567108,0,-0.6254851427116381,0.49539957747112207,1.694925527164935,-0.32435159736690794,0.5910686706363091,1.3234036766712498,0.331761006,0.256289308,167.5403466440698
Pete Alonso,624413,75.234998024,7.318061079,14.4,0.22782258064516128,0.1431451612903226,0.2308467741935484,25.9,1.2891629036417522,0,-0.053538440551447006,-0.6083066481388022,1.1156872344354938,-0.013455329448810973,-0.5356984445939421,1.3014369421396008,0.240131578,0.21875,121.92445845780296
Alec Bohm,664761,72.241152671,7.391298283,10.1,0.3254769921436588,0.15600448933782268,0.16835016835016836,27.2,0.17176987195055723,0,0.13548250203718704,1.6994136620278069,1.5301681100097029,-1.0679682434390017,-0.29944082365856683,1.2146681028671844,0.279783393,0.167870036,114.74280641935762
Wyatt Langford,694671,74.493879035,7.006870635,16.6,0.2442002442002442,0.14163614163614163,0.2307692307692308,23,1.012555031049804,0,-0.8567027864958234,-0.22127787760833006,1.067048628653506,-0.014763729180835551,-1.0627346759113172,1.1951813225104873,0.25250501,0.162324649,109.67988889666012
Julio Rodríguez,677594,76.258332077,7.899078454,10.5,0.2076852698993596,0.1445562671546203,0.29734675205855443,37.3,1.671101916880591,0,1.4460334421063463,-1.0841815245230384,1.1611698904499905,1.1086069728536216,1.5360991543778089,1.163028791114224,0.273368606,0.135802469,115.65391237264376
Corbin Carroll,682998,73.693149901,7.020155741,12,0.27661909989023054,0.145993413830955,0.20636663007683864,24.9,0.7136988614393189,0,-0.8224147044643216,0.5448283387943244,1.2074918919212543,-0.4265118108216446,-0.7174350760826922,1.1388990255426628,0.23089983,0.196943973,106.68507481639462
Tommy Pham,502054,72.631410072,6.876284524,11,0.29250720461095103,0.1426512968299712,0.20461095100864557,18.7,0.31742565874874534,0,-1.1937379058349484,0.9202880993052438,1.0997690330189571,-0.4561355995898144,-1.8442021913129427,1.1282105257637247,0.247727272,0.120454546,90.89166733894564
Michael Conforto,624424,74.122102673,7.375714017,14.8,0.2534626038781164,0.13434903047091412,0.23268698060941828,24.5,0.8737969232437233,0,0.09526042243851708,-0.0023944168337714754,0.8321710203513158,0.017594699648856234,-0.790129728678192,1.060134837867501,0.237442922,0.212328767,111.52063511736549
Seiya Suzuki,673548,72.961616256,7.191845869,16.2,0.25704225352112675,0.13849765258215962,0.2312206572769953,20.7,0.4406685272066021,0,-0.3792925199019112,0.08219807681494286,0.9658890901247861,-0.00714675421505692,-1.4807289283354426,1.0568408549217907,0.283203125,0.19921875,137.79655534262386
Christopher Morel,666624,76.088461255,8.016552824,14.2,0.200836820083682,0.11715481171548116,0.33472803347280333,26.2,1.6077010225757933,0,1.7492279243452609,-1.2460206722919962,0.2779682798782783,1.7393459299677612,-0.4811774551473169,1.046029543186918,0.196261682,0.14953271,81.89017896529853
Hunter Renfroe,592669,75.240395055,7.617267861,16.7,0.23454833597464345,0.1236133122028526,0.213946117274168,26.3,1.291177237757295,0,0.7186967742521048,-0.4493669552269658,0.48613817234964873,-0.29862219148716096,-0.46300379199844166,1.012278302000111,0.228571428,0.163636364,91.7871335364194
Marcell Ozuna,542303,74.020913956,7.397909316,14.4,0.2328888888888889,0.13955555555555554,0.3128888888888889,26.5,0.8360302539839797,0,0.1525451917753762,-0.4885821804756632,0.9999873376433213,1.370851358407342,-0.42665646570069177,1.0096931878111501,0.301980198,0.244224422,154.00063286835456
Michael Harris II,671739,74.719573377,8.060931905,7.5,0.2352168199737188,0.1498028909329829,0.2325886990801577,39.6,1.0967909401592097,-0.6200684086081925,1.863767738315185,-0.4335696750220535,1.3302786657632506,0.015936383322498967,1.9540934068019347,0.9916935310746954,0.263636363,0.154545455,98.50172511333592
Elly De La Cruz,682829,75.184269029,7.281975824,9.7,0.22143579373104147,0.13245702730030334,0.301314459049545,26.9,1.2702293186251126,-0.07440820903298327,-0.14667237441450248,-0.7592360086485154,0.7711881192349245,1.1755545807191443,-0.353961813105192,0.9849771788607853,0.258899676,0.21197411,117.85621503824532
Christian Walker,572233,75.045019661,7.544497672,16.6,0.2021857923497268,0.12240437158469944,0.2262295081967213,24.3,1.2182572709324366,0,0.5308811700800381,-1.214142433015003,0.4471716910468594,-0.09136302627932158,-0.8264770549759418,0.9640320451814635,0.25052192,0.217118998,119.1957423564317
Riley Greene,682985,74.679756034,7.198148764,12.2,0.22808988764044943,0.1258426966292135,0.2573033707865168,23.1,1.0819299114944907,0,-0.3630251163301254,-0.6019897826474202,0.5579955202309951,0.4329500775492919,-1.0445610127624418,0.9353404886198483,0.26171875,0.216796875,134.9744115098804
Francisco Lindor,596019,72.428487966,7.565374659,17,0.2867383512544803,0.13978494623655913,0.23207885304659495,26.3,0.24168903227494357,0,0.584763453204207,0.7839614361999604,1.0073810404837595,0.007333688515585076,-0.46300379199844166,0.9328804820419142,0.273462783,0.226537217,137.42724248761272
Jarren Duran,680776,73.600897627,7.557940193,9.5,0.23198594024604569,0.13708260105448156,0.22759226713532515,28.1,0.6792675411902699,-0.12401368172163849,0.5655755310251593,-0.5099202121134732,0.920279257790767,-0.06836902716495931,-0.13587785531869134,0.9070481123172194,0.284649776,0.207153502,129.02292667113866
Heliot Ramos,671218,75.240581191,6.936671443,10.4,0.22336769759450173,0.13745704467353953,0.2508591065292096,29.9,1.291246709304698,0,-1.0378827976934173,-0.7135822208207614,0.9323482958079203,0.3242152144508717,0.1912480813610583,0.8991096310263246,0.269473684,0.2,119.6554338813758
Jorge Soler,624585,75.406534926,7.936281283,17.9,0.21679909194097616,0.11464245175936436,0.2690124858115778,26.8,1.3531856290576212,0,1.5420517691378328,-0.8688082310287016,0.19699008642039292,0.6305194149348555,-0.3721354762540666,0.8920077145390347,0.24137931,0.200811359,119.3728177950439
Jake Burger,669394,74.688491916,7.483993111,13,0.2389666307857912,0.1442411194833154,0.28417653390742736,36.5,1.0851904051144123,0,0.374722434813036,-0.3449560175588168,1.1510120748740025,0.886384262787798,1.3907098491868093,0.8604754706582838,0.250467289,0.209345795,106.07292322454538
Corey Seager,608369,72.28371272,6.646551415,13.5,0.2609756097560976,0.1524390243902439,0.2170731707317073,27.8,0.1876545608952898,0,-1.7866656315711322,0.17514918809886482,1.415246317219068,-0.24585903404503354,-0.19039884476531652,0.786037820264081,0.277894736,0.233684211,140.31980780690262
Tyler O'Neill,641933,75.223714843,7.594253929,20.2,0.1855388813096862,0.11869031377899043,0.34379263301500684,26.2,1.2849516815049482,0,0.6592991609938109,-1.6075339257201684,0.3274604646470661,1.8922940324832465,-0.4811774551473169,0.7834385676869712,0.240875912,0.270072993,130.9906853790256
Lawrence Butler,671732,74.192122248,7.071419655,11.3,0.2386206896551724,0.1310344827586207,0.25655172413793104,27.3,0.8999303322752159,0,-0.6901055389606449,-0.3531311256875801,0.7253367726480741,0.42026745123711234,-0.2812671605096916,0.7699253847520284,0.262135922,0.22815534,130.1370832211039
Maikel Garcia,672580,70.761560318,7.150218502,6.4,0.35495283018867924,0.13797169811320756,0.1320754716981132,21.2,-0.3804584464991878,-0.892898508395797,-0.48673032088381113,2.395971954396624,0.9489365660116929,-1.6800356598124742,-1.3898606125910675,0.7623661401347985,0.231304347,0.100869566,69.30339253796373
Jo Adell,666176,76.674033049,7.555006148,15.9,0.18193224592220827,0.11041405269761606,0.27478042659974905,29.7,1.826254008792952,0,0.5580029323839353,-1.6927641330127137,0.06070065209561036,0.7278425889885013,0.15490075506330842,0.7260723340346253,0.207407407,0.195061728,90.22635102211024
Vinnie Pasquantino,686469,71.714453578,7.400608096,14.6,0.3211009174311927,0.14105504587155962,0.1353211009174312,30.7,-0.024810053504349804,0,0.1595105852035496,1.596000448658332,1.0483187945279009,-1.6252717589636532,0.3366373865520585,0.7112181598318359,0.262096774,0.183467742,107.63779265315767
Andrew McCutchen,457705,72.73770125,7.604203438,14.3,0.23177083333333331,0.11067708333333331,0.2578125,17.2,0.35709671975008994,0,0.6849782621440146,-0.5150035113081154,0.06917863537686918,0.4415406773628743,-2.1168071385460676,0.6939299263711216,0.232142857,0.178571428,105.4933599311112
Paul Goldschmidt,502671,72.484165446,7.750873987,13.1,0.24842484248424845,0.1332133213321332,0.2583258325832583,29.5,0.2624695405639853,0,1.0635263757772475,-0.1214442795896514,0.7955649304762654,0.4502022011514525,0.11855342876555852,0.679120777243004,0.245409015,0.168614357,99.66620026889004
Nathaniel Lowe,663993,73.312846667,7.269485692,7.7,0.230343300110742,0.12403100775193798,0.1849390919158361,23.5,0.5717582688247411,-0.570462935919537,-0.17890867502063193,-0.5487382638979894,0.49960130325888913,-0.7880612966036511,-0.9718663601669421,0.6727815223913239,0.265432098,0.135802469,121.0490425983843
Brandon Nimmo,607043,73.268079542,7.293659799,11.2,0.2425978987583572,0.1212989493791786,0.21680993314231137,24.1,0.5550498328082545,0,-0.11651671790306478,-0.259143705310363,0.4115418072822466,-0.2503006742544442,-0.8628243812736918,0.6512621313101783,0.224168126,0.175131348,108.90772891355446
Shea Langeliers,669127,74.136804091,7.27794612,16.3,0.23681125439624853,0.12895662368112543,0.2719812426729191,30.7,0.879283934125137,0,-0.1570728048901542,-0.3958907965808347,0.6583633781924059,0.6806116144476879,0.3366373865520585,0.6406005420358601,0.22406639,0.226141078,109.4924367781867
Rafael Devers,646240,72.535230803,7.446743122,11.6,0.23290386521308223,0.1377601585728444,0.288404360753221,30.4,0.2815286659845566,0,0.27858239057819295,-0.48822826745747727,0.9421182397675522,0.9577209049436386,0.28211639710543335,0.6117579741487976,0.272380952,0.243809524,134.05972820492894
Wilyer Abreu,677800,74.554858995,7.392287765,19.2,0.2261904761904762,0.11772486772486772,0.26322751322751325,28.2,1.035314584180538,0,0.13803629724098002,-0.646875725977627,0.2963422814609516,0.5329088612951427,-0.11770419216981673,0.6095169117659194,0.253132832,0.205513784,114.06388563739888
Colton Cowser,681297,73.761869811,6.932131678,13,0.22777777777777777,0.12444444444444444,0.2677777777777778,25,0.7393471964461686,0,-1.0495996657954656,-0.6093654071382992,0.5129271630294465,0.6096860344803641,-0.6992614129338169,0.6000401890729294,0.242484969,0.204408818,119.56889962719454
Matt Vierling,663837,71.084462657,7.412548438,11.7,0.2925407925407925,0.1258741258741259,0.1888111888111888,22,-0.25994159242927184,0,0.19032790995656207,0.9210818324984732,0.5590085452430181,-0.7227269296365327,-1.2444713074000673,0.5970235943838884,0.256756756,0.166023166,108.25815902065736
J.T. Realmuto,592663,73.181228738,7.645098246,9.4,0.2246153846153846,0.1276923076923077,0.24153846153846156,30.2,0.5226345034429203,-0.1488164180659661,0.7905253711671982,-0.6840975039028064,0.6176120421885373,0.1669468256027929,0.24576907080768345,0.5814573614347256,0.265789473,0.163157895,108.54178222320432
Byron Buxton,621439,74.321311261,8.076933739,19.8,0.22036474164133735,0.11702127659574468,0.3009118541033435,32.6,0.9481475532324081,0,1.905067536513743,-0.7845465770368633,0.27366418613840043,1.168761377963945,0.6819369863806841,0.5721354014645355,0.278873239,0.245070422,141.68875739788675
Teoscar Hernández,606192,73.234489584,7.76168585,10.3,0.1989150090415913,0.1247739602169982,0.32730560578661844,28.7,0.5425130513187291,0,1.0914311621942594,-1.2914359516027873,0.5235480901431416,1.6141063950743733,-0.026835876425441683,0.5675207314252997,0.271646859,0.229202037,133.5620552725716
Michael Toglia,669911,73.151217527,7.540294561,15.1,0.21409574468085107,0.125,0.3257978723404255,27.3,0.511433417852306,0,0.5200331862735457,-0.9326923841549523,0.5308337870961332,1.5886662232696867,-0.2812671605096916,0.5669842801884517,0.218045112,0.238095238,98.16263431203512
Joc Pederson,592626,73.373093776,7.693515378,16.9,0.22205438066465255,0.12235649546827794,0.2326283987915408,29.5,0.5942442999447801,0,0.9154871587318659,-0.7446178709894713,0.4456285517335005,0.01660624143351496,0.11855342876555852,0.563957062991134,0.275204359,0.239782017,151.22539204110254
Jackson Chourio,694192,73.151587767,7.370065977,7.6,0.2593023255813954,0.13372093023255813,0.24651162790697675,31.9,0.5115716025436541,-0.5952656722638648,0.0806831613434836,0.1356069716706785,0.8119261416313291,0.25085967316068103,0.5547213443385585,0.546678411493333,0.274621212,0.189393939,117.16160785662412
Tyler Stephenson,663886,70.84533018,7.43973239,10.9,0.3052486187845304,0.1270718232044199,0.1850828729281768,23.7,-0.34919301725089724,0,0.26048810108461323,1.221386839417627,0.5976126337536664,-0.7856352619053859,-0.9355190338691922,0.543187944198223,0.258205689,0.185995623,111.60611329395655
Josh Naylor,647304,72.882070254,7.636446758,11.1,0.2733739837398374,0.12703252032520326,0.1991869918699187,32.2,0.4109795694103594,0,0.7681963863447544,0.46814137366702807,0.5963458263644991,-0.547654728981838,0.6092423337851843,0.5395621381714104,0.243339253,0.213143873,118.28837056897656
Bryce Harper,547180,74.035775174,7.28843511,13.5,0.2102376599634369,0.13071297989031078,0.24862888482632545,33.4,0.8415769070263607,0,-0.13000133481324216,-1.0238647165063388,0.7149741168495369,0.2865844094652971,0.8273262915716837,0.5298764738778787,0.285454545,0.24,144.98917770401317
Ryan O'Hearn,656811,72.374679478,7.138562127,12,0.28280254777070063,0.1248407643312102,0.16178343949044585,26.2,0.2216060879515864,0,-0.5168147434085517,0.690952492753688,0.525701315229886,-1.178769466830287,-0.4811774551473169,0.5287963725846055,0.264108352,0.162528216,118.59062152936836
Jesús Sánchez,660821,75.164348833,7.14619541,7.7,0.2222222222222222,0.13131313131313133,0.3108866442199775,36.1,1.2627945030031167,-0.570462935919537,-0.4971136861739566,-0.7406515230759471,0.7343181514902993,1.3370672379444435,1.3180151965913094,0.5044764757547764,0.251533742,0.165644172,100.37963869019286
Luke Raley,670042,74.970934029,7.24988891,13.5,0.18351063829787237,0.11436170212765956,0.3191489361702128,27.9,1.1906062872694776,0,-0.2294868238716436,-1.6554643522159374,0.1879409858191556,1.4764779058215882,-0.1722251816164419,0.4929013969012176,0.242574257,0.22029703,128.6967272058503
Joey Ortiz,687401,73.431140609,7.528177784,9.9,0.2299168975069252,0.10803324099722993,0.14958448753462605,24.7,0.6159091219573596,-0.02480273634432761,0.48876049309869263,-0.5588147974005346,-0.01603748807067969,-1.3846038829711513,-0.753782402380442,0.4761240167700289,0.238636363,0.159090909,103.81063587569518
Randy Arozarena,668227,72.744876328,7.383195456,13.2,0.24066390041493776,0.11618257261410787,0.26867219917012447,24.3,0.3597746744250067,0,0.11456957918485317,-0.3048469888430915,0.24663114371407405,0.624777716597347,-0.8264770549759418,0.46163573199124924,0.218579234,0.169398908,114.07055527986186
Austin Wells,669224,72.426270671,7.40460379,17.1,0.23323615160349853,0.12099125364431489,0.2565597667638484,25.5,0.24086147116537246,0,0.16982323785719,-0.4803758413336719,0.4016241819502175,0.4204031554530101,-0.6083930971894419,0.46031626703017936,0.228813559,0.166666666,105.21500517266054
Ryan Mountcastle,663624,75.092982121,7.482878438,10.4,0.21205357142857145,0.12388392857142858,0.22991071428571427,38,1.2361583019703537,0,0.37184552895603334,-0.9809520031403904,0.4948606583907362,-0.029249583356827247,1.6633147964199344,0.4524171847932577,0.270613107,0.154334038,108.35567881098306
George Springer,543807,71.899028599,7.431501517,9.4,0.25395152792413067,0.11696522655426764,0.2307692307692308,23.5,0.04407888963460992,-0.1488164180659661,0.23924469899095543,0.00915959218438002,0.2718575854994275,-0.014763729180835551,-0.9718663601669421,0.411456615276267,0.220183486,0.150458715,94.98397643994454
Cal Raleigh,663728,74.517157104,7.76837411,21.2,0.20233812949640287,0.1133093525179856,0.289568345323741,32.7,1.021243105758059,0,1.1086931703052982,-1.2105424776009805,0.15402173389427495,0.9773609597071671,0.7001106495295594,0.41093123593354147,0.219780219,0.216117216,117.06993573317554
Alex Bregman,608324,71.334739294,7.006856071,18.2,0.336644591611479,0.11810154525386314,0.11037527593818984,23.6,-0.16653083228473997,0,-0.8567403753285154,1.9633207985537486,0.3084833226919126,-2.0461857307827405,-0.9536926970180668,0.39104939037817954,0.259896729,0.192771085,117.95994545268115
Brent Rooker,667670,73.681734081,7.079576798,18.9,0.22430830039525693,0.12450592885375494,0.3092885375494071,31,0.7094381344427643,0,-0.6690524296872451,-0.6913543649175413,0.5149089237957203,1.310102187613972,0.3911583759986837,0.3737190059438357,0.293040293,0.269230769,163.63141597278016
Mitch Haniger,571745,72.875906165,7.097615807,13.7,0.2422360248447205,0.11490683229813664,0.30434782608695654,24,0.4086789462040148,0,-0.622494801892703,-0.26769532901485577,0.205511579673411,1.2267369556762546,-0.880998044422567,0.36655316664859494,0.207894736,0.12631579,84.97998579210847
Patrick Bailey,672275,71.293826419,7.279011102,12.1,0.2809917355371901,0.12121212121212122,0.2231404958677686,25.1,-0.18180074640560362,0,-0.15432414859956295,0.6481602818842924,0.4087431684596339,-0.14348431108187182,-0.6810877497849417,0.3432234151334584,0.234413965,0.104738154,81.01439605535498
JJ Bleday,668709,71.727744912,7.284254246,18.6,0.26534859521331944,0.11758584807492196,0.24245577523413112,24.7,-0.019849328335763586,0,-0.14079190041313774,0.27848939773034936,0.2918614107639218,0.1824247723682183,-0.753782402380442,0.3277288548903079,0.243006993,0.194055944,120.0438407845668
Lane Thomas,657041,71.690386305,6.758526589,17,0.25968992248062017,0.1214470284237726,0.2054263565891473,22.9,-0.03379268285594996,0,-1.4976642527636341,0.1447664681314444,0.4163146796929047,-0.4423771609806269,-1.0809083390601923,0.3148542658798269,0.237288135,0.163135593,99.1436479874356
Brandon Lowe,664040,73.428831078,7.122046818,14.5,0.21818181818181817,0.12207792207792208,0.2922077922077922,30.7,0.6150471356014903,0,-0.5594397905679503,-0.8361323346669635,0.4366495955765479,1.021896671486433,0.3366373865520585,0.310367828791248,0.244155844,0.228571428,123.2743026621114
Mark Vientos,668901,71.824719895,7.57273477,11.4,0.23915900131406043,0.13009198423127463,0.3272010512483574,32.3,0.016344648799356213,0,0.6037594694745313,-0.34041001325289544,0.6949582323854089,1.6123422334959217,0.6274159969340583,0.30370473704786416,0.266343825,0.249394673,132.7919615421706
Jurickson Profar,595777,71.684922772,7.345409045,13.4,0.27104722792607805,0.10780287474332648,0.16324435318275154,21.9,-0.03583183751586241,0,0.017045061123493983,0.413156641632743,-0.023462635502019585,-1.1541192904891564,-1.2626449705489424,0.30201100132498626,0.280141843,0.179078015,139.21265650053607
Carlos Santana,467793,71.760669215,7.572571502,16.1,0.2825112107623318,0.10650224215246636,0.21748878923766812,23.4,-0.0075609892909261085,0,0.6033380843100368,0.6840677619873137,-0.06538452543816255,-0.23884625189607409,-0.9900400233158173,0.29072419387765847,0.238003838,0.182341651,114.09852154200696
Matt Olson,621566,73.798156554,7.347558337,16.1,0.19531880548829705,0.11138014527845036,0.26311541565778856,28.7,0.7528904991188818,0,0.022592258142895578,-1.3764196389967573,0.09183967408111703,0.5310174252194326,-0.026835876425441683,0.2892148882267507,0.246666666,0.21,116.94683331152036
Dansby Swanson,621020,71.734416034,7.440274178,10.4,0.24419778002018164,0.11301715438950556,0.2684157416750757,24,-0.01735946518071036,0,0.2618864242434725,-0.2213361098816192,0.14460362622284834,0.6204504777534292,-0.880998044422567,0.2741704636685138,0.241573033,0.147940075,98.5543450434368
Spencer Torkelson,679529,73.634255633,7.53669815,20.2,0.205,0.09666666666666666,0.24166666666666667,23.2,0.6917177512247202,0,0.5107510597036128,-1.1476384824826547,-0.3824040403048825,0.16911004649307382,-1.0263873496135671,0.27299992171066384,0.219298245,0.15497076,92.240620145903
Willy Adames,642715,73.597868658,8.105363502,20.6,0.2109704641350211,0.0978902953586498,0.27341772151898736,28.1,0.6781370389582771,0,1.9784430930113865,-1.0065474540889037,-0.3429641341326861,0.7048494986241313,-0.13587785531869134,0.2678605852361893,0.250819672,0.211475409,119.43800398037838
Salvador Perez,521692,73.219718478,7.930436465,19,0.24934383202099736,0.13035870516185477,0.25809273840769903,42.9,0.537000030782037,0,1.526966635527066,-0.09972717755357309,0.7035551609677164,0.4462691744696652,2.5538242907148097,0.2671426385381681,0.27118644,0.184745763,114.98462991383784
Ryan McMahon,641857,72.514073181,7.206047343,10,0.2235734331150608,0.11693171188026193,0.2862488306828812,26.5,0.27363200580260344,0,-0.34263934562688064,-0.7087203816879313,0.2707773430967794,0.9213503810568877,-0.42665646570069177,0.26661255324682986,0.241622574,0.155202822,88.84990788394761
Jonathan India,663697,71.674284398,7.168758614,13.5,0.25301204819277107,0.10240963855421686,0.17710843373493976,18.4,-0.03980239830792473,0,-0.4388793755372537,-0.013041723903442458,-0.19729701079624296,-0.9201889548238744,-1.898723180759568,0.24672709585289246,0.247654784,0.144465291,107.57364794843971
Brandon Marsh,669016,71.857754657,7.200098443,13.8,0.24857142857142855,0.11285714285714284,0.2542857142857143,23.7,0.028674214461586557,0,-0.35799310879574087,-0.1179802303431043,0.13944614678141154,0.38203278840790394,-0.9355190338691922,0.24033738330406132,0.248803827,0.16985646,108.34481691896798
José Ramírez,608070,71.544374537,7.269964687,19.6,0.2845814977973568,0.12422907488986784,0.12687224669603525,31.7,-0.08828866139560029,0,-0.17767241692433394,0.7329917518541236,0.5059853880608632,-1.7678303149788401,0.5183740180408086,0.22731359245956345,0.279032258,0.258064516,141.27336308298348
J.P. Crawford,641487,71.92572616,7.270289616,13.2,0.23348694316436253,0.09831029185867896,0.19508448540706605,18.2,0.0540432214911797,0,-0.17683379416841236,-0.4744492603452326,-0.3294268391490632,-0.6168768249089016,-1.9350705070573178,0.21031255227225182,0.201530612,0.119897959,89.34629051768465
Eugenio Suárez,553993,72.206414663,7.782131385,19.5,0.2224390243902439,0.10829268292682928,0.2760975609756098,27,0.15880460370945496,0,1.1441998929260986,-0.7355281624539897,-0.007675175689831141,0.7500667592464237,-0.33578814995631673,0.21007616490507675,0.255691768,0.213660246,115.05457542513632
Andrew Vaughn,683734,70.779219297,7.55516111,16.6,0.2830957230142566,0.12932790224032586,0.19959266802443992,33,-0.37386758499673495,0,0.5584028802479388,0.697880663776485,0.6703304002429279,-0.5408097053510735,0.7546316389761839,0.2085659953884316,0.245614035,0.15614035,96.95105768203112
Starling Marte,516782,72.355358873,7.28494851,4.3,0.2426343154246101,0.1265164644714038,0.28596187175043325,30.1,0.21439505770467343,-1.4137559716266788,-0.13900004561095972,-0.2582831248301697,0.5797123536559792,0.9165084877097587,0.22759540765880884,0.20690160477203384,0.268656716,0.119402985,103.8863346088316
Jackson Merrill,701538,72.182788066,7.527392515,14.6,0.2485493230174081,0.12282398452611218,0.18665377176015477,34.4,0.14998644788055576,0,0.4867337597110317,-0.11850261776214366,0.46069662319856947,-0.7591292927805307,1.0090629230604338,0.19718789915357723,0.292418772,0.207581228,129.9322099362613
J.D. Martinez,502110,72.944651686,8.414047387,14.4,0.1995249406175772,0.0985748218527316,0.29691211401425177,29.7,0.434336840005511,0,2.7751381566926967,-1.277022353034982,-0.32090052866490876,1.1012732716958789,0.15490075506330842,0.18415774416962372,0.235023041,0.170506912,107.52486132501862
Ian Happ,664023,72.353144332,6.958679944,15.1,0.2324929971988796,0.11017740429505136,0.2689075630252101,23.2,0.21356852447064528,0,-0.981080143075651,-0.4979376952920596,0.053073018930336106,0.6287490398608259,-1.0263873496135671,0.18217824212534825,0.242530755,0.198594025,121.75872578967432
MJ Melendez,669004,72.792025846,7.662310651,14.6,0.2118343195266272,0.1076923076923077,0.2863905325443787,28.4,0.3773722910847994,0,0.8349495823552355,-0.9861332546516668,-0.02702642421217934,0.9237413339873558,-0.08135686587206684,0.17919366556667124,0.206310679,0.194174757,84.68983430019267
Josh Bell,605137,70.425166608,7.873993435,10.5,0.2724288840262582,0.11597374179431072,0.2450765864332604,27.4,-0.50601068555592,0,1.3812904743623335,0.4458072489645007,0.23990012474351197,0.22664604194464769,-0.26309349736081694,0.17482546491142686,0.249070631,0.156133829,100.63183406299213
Andy Pages,681624,73.067130903,7.730661453,20.8,0.2107329842931937,0.10602094240837696,0.25,30.7,0.48004976350894474,0,1.0113590070067948,-1.0121594591773648,-0.0808977418836047,0.3097194043613579,0.3366373865520585,0.13520711254023282,0.248138957,0.158808933,99.89565137881613
Brendan Donovan,680977,69.625466808,6.890205973,13.2,0.3515016685205784,0.12013348164627365,0.13236929922135707,23.7,-0.8044826767926824,0,-1.1578074597166133,2.3144158244386106,0.3739765406832783,-1.6750778718883925,-0.9355190338691922,0.13103629457251378,0.277683134,0.139693356,114.75282700897804
Mike Yastrzemski,573262,70.94695535,7.556113091,19.1,0.2694848084544253,0.10700132100396299,0.24702774108322328,23.8,-0.3112634506189287,0,0.5608598875627795,0.37623432453098754,-0.049298254166071385,0.25956811423660725,-0.9173453707203169,0.11967630604584889,0.231308411,0.205607476,106.19998528639972
Gavin Lux,666158,71.236619495,7.256899618,9.1,0.25648021828103684,0.10914051841746247,0.21282401091405184,23.1,-0.2031520891454791,-0.22322462709894936,-0.21139259632066157,0.06891634055047513,0.019652192832262872,-0.31755563005786325,-1.0445610127624418,0.11929581465057788,0.250569476,0.132118451,99.76931851380176
Bryan Reynolds,668804,71.551143931,6.843877258,9.4,0.26691042047532,0.12705667276051189,0.27056672760511885,30.2,-0.08576212017769955,-0.1488164180659661,-1.2773791650785498,0.3153976727661925,0.5971243058073588,0.6567443278022789,0.24576907080768345,0.10774172092966205,0.274919614,0.172025723,117.77041804655428
Taylor Ward,621493,69.828621098,7.053521119,17.4,0.29637526652452023,0.1140724946695096,0.2281449893390192,20.8,-0.7286593922744282,0,-0.7363006141532548,1.011696207776236,0.17861927320448356,-0.059042877468043896,-1.4625552651865672,0.09000316674455777,0.246153846,0.179487179,110.89873373349609
Luis Robert Jr.,673357,74.543607455,7.737383986,13.5,0.1902097902097902,0.1048951048951049,0.3258741258741259,35.9,1.0311151714155464,0,1.0287094717274752,-1.4971533379893849,-0.11718565028220986,1.5899528585187426,1.2816678702935589,0.0806122915091479,0.223918575,0.155216285,83.9391322288258
Luis García Jr.,671277,71.655339605,7.287475963,8.2,0.2802469135802469,0.12839506172839507,0.20493827160493827,36,-0.046873164225684286,-0.4464492541978987,-0.13247683715520753,0.6305590211617054,0.6402631563925515,-0.4506126789264007,1.2998415334424342,0.07939454657796396,0.282,0.162,110.88673418137564
Jarred Kelenic,672284,72.685177586,7.3112531,16,0.2345679012345679,0.1111111111111111,0.32510288065843623,29.8,0.33749331034429486,0,-0.07110943640354868,-0.4489045987700635,0.08316818542896846,1.5769395431742892,0.1730744182121837,0.0790126869133829,0.230582524,0.162621359,86.46407123085812
Yainer Diaz,673237,72.546397312,7.415760648,8.9,0.2659675881792183,0.1325071496663489,0.22878932316491896,42.6,0.28569634262570465,-0.2728300997876046,0.19861843620320357,0.29311713054175453,0.772803659493924,-0.04817095360653425,2.499303301268185,0.06593791520078873,0.299145299,0.141880342,116.63379043004196
Anthony Santander,623993,73.123204699,7.246136353,22.7,0.22307039864291767,0.11195928753180662,0.19423240033927056,33.8,0.5009781888359509,0,-0.23917195414037468,-0.7206078412534066,0.11050654278268868,-0.6312541610167269,0.9000209441671835,0.03040968549917855,0.235294117,0.270588235,129.21764224262694
Dylan Moore,664238,73.045319894,7.119954529,22.6,0.2082066869300912,0.08358662613981763,0.2279635258358663,17.7,0.4719092396684809,0,-0.5648398661763508,-1.0718596575083097,-0.803998903589242,-0.06210473346662695,-2.0259388228016926,0.021443192886364204,0.201086956,0.16576087,105.28023906462668
Seth Brown,664913,73.30077019,7.207996745,14.6,0.2248175182481752,0.10510948905109488,0.272992700729927,30.3,0.5672509647872545,0,-0.33760805301330415,-0.6793207827839066,-0.11027563660531012,0.6976780705964772,0.2639427339565587,0.016898167442847077,0.231182795,0.147849463,91.145522206631
Xander Bogaerts,593428,70.681860343,7.206022087,10.9,0.308411214953271,0.10747663551401868,0.16666666666666666,25.8,-0.4102048716449354,0,-0.34270452988659084,1.2961237335268097,-0.033977953325056216,-1.0963741743214837,-0.5538721077428167,-0.010472826034799598,0.264018691,0.11682243,95.11172848396508
Spencer Steer,668715,71.560887586,7.368125131,17.4,0.25555555555555554,0.1,0.21414141414141413,24.8,-0.08212549539702996,0,0.07567395126578326,0.047065172549938326,-0.2749642959047628,-0.2953269234355012,-0.7356087392315668,-0.02283107121583261,0.224738675,0.177700349,96.204682253762
Adolis García,666969,71.950524412,7.856444186,15,0.22603978300180835,0.1112115732368897,0.3227848101265823,33.6,0.06329867416683373,0,1.3359968884998448,-0.6504368321965498,0.08640627296363182,1.5378264540970041,0.8636736178694342,-0.026882323157760568,0.224137931,0.175862069,91.88485090815524
Jazz Chisholm Jr.,665862,71.9478004,7.493207803,11.4,0.2283549783549784,0.10606060606060606,0.29653679653679654,29.2,0.06228199104925752,0,0.3985050162385073,-0.5957252911967245,-0.0796193060863638,1.094940493755672,0.06403243931893336,-0.05229537488591159,0.25622775800000003,0.179715302,109.56829919710812
Rhys Hoskins,656555,71.196764615,8.101506811,20.8,0.22952853598014888,0.09305210918114144,0.23573200992555832,25.4,-0.21802712774633923,0,1.9684891989756044,-0.5679923631579487,-0.49890818001419307,0.06897385366876232,-0.6265667603383172,-0.05883786146331696,0.213808463,0.204899777,100.2557111371682
Jeremy Peña,665161,72.620449883,7.635290282,7.5,0.254863813229572,0.11284046692607004,0.245136186770428,36.9,0.31333498693019834,-0.6200684086081925,0.7652115893882625,0.030718263172489414,0.13890864944978298,0.2276516857611919,1.463404501782309,-0.07071060164302698,0.26578073,0.127906977,99.91940129350424
Gavin Sheets,657757,72.671415788,7.568178974,13.5,0.22553699284009543,0.10143198090692124,0.20047732696897372,32.4,0.33235699387647133,0,0.5920012262985422,-0.662318518339881,-0.22880879711712226,-0.5258827462162738,0.6455896600829335,-0.09224787525869992,0.232815964,0.124168514,87.74727822529458
Ryan Jeffers,680777,72.880538256,7.466496245,16.2,0.21571238348868177,0.1051930758988016,0.21171770972037285,34.3,0.41040778172999226,0,0.3295640464116026,-0.8944887827632033,-0.10758147173946357,-0.3362223861121176,0.9908892599115585,-0.11041782190657236,0.225728155,0.206310679,107.10532019927
Jordan Westburg,676059,71.030642646,6.81991769,13.1,0.2719298245614035,0.11988304093567252,0.27485380116959063,30.4,-0.2800288374824208,0,-1.3392174095775684,0.4340137247872162,0.3659043549029676,0.7290806471264156,0.28211639710543335,-0.1120756510937797,0.264423076,0.216346154,125.26988496869662
Max Kepler,596146,71.365470667,7.449934385,16.8,0.2562962962962963,0.10666666666666667,0.22074074074074077,30.5,-0.1550609605994549,0,0.286818853842249,0.06456998800829189,-0.06008480710452377,-0.18397567437617263,0.3002900602543086,-0.12442699317689362,0.252717391,0.127717391,94.1491259960384
Alec Burleson,676475,71.189667518,7.45959591,13.6,0.30954773869346736,0.11055276381909548,0.1658291457286432,34.5,-0.22067597756922827,0,0.31175468512198606,1.322981495280645,0.06517157832677131,-1.11050576807709,1.027236586209309,-0.13276003337887005,0.268738574,0.151736745,105.55268665784791
Leody Taveras,665750,71.259393067,7.456667278,14.7,0.2413793103448276,0.10591133004926108,0.2623152709359606,29,-0.19465230787453788,0,0.3041960571173564,-0.2879407784633686,-0.08443075903755613,0.517516484954881,0.027685113021183476,-0.13407926664298042,0.229166666,0.122916667,82.2736852437316
Daulton Varsho,662139,73.666904591,7.628742564,24.4,0.17704517704517703,0.08180708180708181,0.2612942612942613,25.9,0.7039033232432057,0,0.7483123119641213,-1.8082529054260486,-0.8613570400665873,0.5002888637432817,-0.5356984445939421,-0.1392899557401877,0.213507625,0.193899782,99.17202960769652
Mookie Betts,605141,68.995526813,6.913299827,21.4,0.37205651491365777,0.10361067503924648,0.12244897959183672,21.1,-1.039595208604403,0,-1.0982035724480004,2.8001576948342346,-0.158585294906203,-1.8424646446429913,-1.408034275739942,-0.15073396126865923,0.288888888,0.202222223,141.05249143299704
Jared Triolo,669707,70.469103775,7.826141499,13.4,0.2276657060518732,0.09654178674351584,0.2478386167146974,25.1,-0.4896120147999802,0,1.2577874246362561,-0.6120138302263786,-0.38642916041209197,0.27325011845892094,-0.6810877497849417,-0.18687693925190532,0.21573604,0.098984772,71.85147530331722
Brendan Rodgers,663898,71.721874327,7.142056933,4.9,0.24064837905236908,0.10972568578553615,0.23690773067331672,29.1,-0.022040407031391533,-1.2649395535607124,-0.5077948534044986,-0.3052137819361181,0.03851326256940093,0.08881193439372966,0.04585877617005874,-0.1946790230566397,0.267465069,0.139720559,87.63701093991065
CJ Abrams,682928,72.244802256,7.503694268,15.1,0.2470703125,0.1044921875,0.224609375,35.4,0.1731320067193034,0,0.42556996943801495,-0.15345385608920264,-0.13017245286553944,-0.1186997328935703,1.1907995545491838,-0.21940932116827738,0.245841035,0.186691312,106.92605873488542
Brenton Doyle,686668,70.933178103,7.36175072,13.2,0.24318429661941116,0.1079607415485278,0.29116684841875684,30,-0.31640553311769715,0,0.059221969078322716,-0.24528624374741745,-0.018374284741991317,1.0043326989560444,0.20942174450993356,-0.22491719089698634,0.260147601,0.186346863,97.31541457559824
Jesse Winker,608385,69.543654518,7.289593989,14,0.2668428005284016,0.09379128137384413,0.17305151915455746,19,-0.8350174813580206,0,-0.1270103358542132,0.3137997119318438,-0.4750832385786974,-0.9886417733127584,-1.7896812018663175,-0.2249338453217698,0.253488372,0.15116279,118.2795985550676
Nolan Gorman,669357,73.215730111,7.525039414,20.3,0.17274167987321712,0.09350237717908082,0.3375594294770206,30.3,0.5355114523926531,0,0.4806605435758799,-1.9099510025839965,-0.4843951764311451,1.7871204228506192,0.2639427339565587,-0.22721877906855167,0.202739726,0.197260274,86.65867633861815
Jose Miranda,669304,71.014435361,7.582550882,15.5,0.2904624277456647,0.1083815028901734,0.19219653179190752,35.6,-0.2860778831699324,0,0.6290942807651898,0.8719669530367761,-0.004812337442035177,-0.6656056213146013,1.2271468808469344,-0.24664606736654815,0.284289276,0.157107232,115.10284838281903
Enrique Hernández,571771,71.657316244,7.370935586,17.1,0.26484751203852325,0.0898876404494382,0.21990369181380415,26.4,-0.04613542316549149,0,0.08292757134121471,0.26664805024982385,-0.6009050935231031,-0.19809930383067992,-0.444830128849567,-0.25850901414856453,0.229281767,0.143646409,83.2703482068112
Orlando Arcia,606115,70.882941183,7.908655672,8.6,0.2579957356076759,0.09275053304904052,0.24520255863539445,27.6,-0.3351554609606239,-0.34723830882058787,1.470751681947082,0.10473028957159228,-0.5086285587792231,0.22877158639880613,-0.2267461710630664,-0.25858239333915606,0.217785843,0.136116153,72.00918941931086
David Fry,681807,70.53802297,7.77576465,19.6,0.2301710730948678,0.0979782270606532,0.2130637636080871,28,-0.46388930064388473,0,1.127767722045955,-0.5528082467732471,-0.34012992625631233,-0.3135102533752046,-0.15405151846756662,-0.2586660422319413,0.262686567,0.185074627,129.27628571273445
Lourdes Gurriel Jr.,666971,70.566873773,7.479768941,15.7,0.25675675675675674,0.10923423423423424,0.18468468468468469,32.9,-0.4531213141817288,0,0.3638200989585061,0.07545135977970012,0.022672833852325075,-0.7923539410927609,0.7364579758273087,-0.2687608254841024,0.278752436,0.155945419,107.92553886841074
Ty France,664034,71.0336115,7.593700818,12.9,0.2409090909090909,0.0931818181818182,0.2272727272727273,26.9,-0.27892077197449905,0,0.6578716138338178,-0.2990527694674958,-0.4947274094504614,-0.07376066255214392,-0.353961813105192,-0.27928398829371925,0.233820459,0.131524008,92.66403211301484
Connor Wong,657136,72.013196338,7.344921946,12.9,0.21289537712895376,0.09610705596107055,0.2761557177615572,29.5,0.08668971984155469,0,0.015787887076899338,-0.9610588710004648,-0.40044136965672755,0.7510480458457532,0.11855342876555852,-0.30738177659673077,0.279642058,0.14541387,110.25242797469576
Kyle Isbel,664728,70.75388727,7.148897023,9,0.2746710526315789,0.1069078947368421,0.18585526315789477,30.9,-0.3833222585389198,-0.24802736344327697,-0.4901409809383808,0.498793058309081,-0.05230956244398905,-0.7726026265984601,0.3729847128498084,-0.3075208192133511,0.229166666,0.138020834,80.67590489464632
Trea Turner,607208,71.603240729,7.589410055,11.5,0.256353591160221,0.1005524861878453,0.24861878453038677,33.9,-0.06631802998770352,0,0.6467974053388503,0.06592395163490476,-0.25715660346275415,0.2864139859301511,0.9181946073160587,-0.3106179910051858,0.295049504,0.174257426,124.02274788085492
Michael Busch,683737,70.263848581,7.267991078,17.2,0.25192519251925194,0.09570957095709572,0.28052805280528054,23.2,-0.566219419809791,0,-0.18276618638993844,-0.038725754696444445,-0.41325307582570864,0.8248229925917059,-1.0263873496135671,-0.31521328195534865,0.24798387,0.191532259,118.67255367354512
Nick Gonzales,693304,71.074206048,7.267537637,13,0.2540861812778603,0.10846953937592868,0.224368499257058,34.1,-0.2637696670537369,0,-0.1839364911059435,0.012341653030025716,-0.001974752183805471,-0.12276405891850455,0.9545419336138092,-0.3384484226538593,0.270194986,0.128133704,93.7625219913555
Jake Cronenworth,630105,69.450343107,7.07888997,13.9,0.26573426573426573,0.0989010989010989,0.16483516483516483,23.1,-0.8698441033557784,0,-0.6708250926080781,0.28760337098115313,-0.3103839918608465,-1.1272773298969305,-1.0445610127624418,-0.36429314436496374,0.240901213,0.149046793,105.28264760943829
Zach Neto,687263,70.975951607,7.108802226,12.3,0.254071661237785,0.10423452768729642,0.248642779587405,31.3,-0.3004411763540061,0,-0.5936233083336194,0.011998522690371728,-0.13847732419125597,0.28681885747727254,0.44567936544530884,-0.38689118888296214,0.24907749,0.193726938,114.11671062379766
Bryan De La Cruz,650559,71.777762104,7.693105475,13.1,0.23743016759776536,0.09217877094972068,0.2728119180633148,32.6,-0.0011814095838631317,0,0.9144292230489333,-0.38126494872149247,-0.5270575509218027,0.6946277024365504,0.6819369863806841,-0.40108715616820234,0.232876712,0.150684931,77.31262602451719
Marcus Semien,543760,68.339320989,7.656665719,17,0.3066546762589928,0.09802158273381296,0.1825539568345324,25.2,-1.284510936919503,0,0.820380342826529,1.2546140878469343,-0.33873248952353846,-0.8283059740689988,-0.662914086636067,-0.41290637940974106,0.236923076,0.153846154,98.97228367035244
Colt Keith,690993,71.287968532,6.664368413,11.3,0.27684964200477324,0.10143198090692124,0.2171837708830549,29.9,-0.1839870858261354,0,-1.7406810011903802,0.5502763949744299,-0.22880879711712226,-0.24399286409369872,0.1912480813610583,-0.4295683360755742,0.259689922,0.120155039,96.54921081293644
Lenyn Sosa,672820,71.749813629,7.364401184,12.3,0.26947040498442365,0.10124610591900313,0.19003115264797507,37.3,-0.011612620127221489,0,0.06606266173471198,0.3758939489171303,-0.2347999054748114,-0.7021423298309672,1.5360991543778089,-0.43323014164449497,0.253561253,0.10541310500000001,80.08731737440891
Freddie Freeman,518692,69.769402993,6.773679232,14.3,0.27113702623906705,0.10398445092322645,0.1856171039844509,26.6,-0.7507613681866612,0,-1.4585561668982983,0.4152787105441572,-0.14653777927488212,-0.7766211156122664,-0.4084828025518165,-0.4487996472494543,0.282287822,0.193726938,137.2753370528749
Josh Lowe,666139,73.29749417,7.15005617,16.9,0.19215686274509805,0.0915032679738562,0.3176470588235294,33.3,0.5660282556997546,0,-0.4871492902870173,-1.4511410916796863,-0.5488303110423226,1.4511365447038993,0.8091526284228083,-0.452609379885718,0.240793201,0.150141643,97.98252478205856
Nolan Arenado,571448,70.749732157,8.22087588,16.9,0.27568667344862663,0.07833163784333673,0.14547304170905392,30,-0.38487307154515893,0,2.2765737885826485,0.5227937025294913,-0.9733772834091001,-1.4539768138644236,0.20942174450993356,-0.4591305583914682,0.271626297,0.12283737,102.24824652949398
Masyn Winn,691026,70.22580169,7.32167485,13.2,0.265,0.099,0.177,30.4,-0.5804196625973224,0,-0.0442115088362557,0.27025156964394004,-0.30719621922479867,-0.9220185705648112,0.28211639710543335,-0.4593042911318604,0.267461669,0.148211244,103.47637521276305
Bo Naylor,666310,70.593983874,7.419510781,19.9,0.23124042879019907,0.09188361408882084,0.26339969372128635,27.2,-0.44300301000295905,0,0.2082973102696229,-0.5275377667299953,-0.5365710242297089,0.5358140839351683,-0.29944082365856683,-0.4698397287145934,0.200564971,0.149717514,73.94421485094172
Harrison Bader,664056,71.168631211,7.056127795,11.9,0.2577639751552795,0.10248447204968944,0.22826086956521735,33.6,-0.228527359348434,0,-0.7295729357653253,0.09925344223943815,-0.19488498330840065,-0.05708761616460138,0.8636736178694342,-0.4836620422706203,0.236318407,0.136815921,85.22619263496502
Blake Perkins,663368,69.427623842,7.302026158,12,0.3070739549839228,0.09163987138263666,0.2765273311897106,24.5,-0.8783236156227358,0,-0.09492363436297092,1.2645222733993777,-0.5444273204452555,0.7573183249066999,-0.790129728678192,-0.49065322940358935,0.240208877,0.091383812,83.29002984196227
Jose Siri,642350,72.470020407,7.842158293,15.4,0.16802168021680217,0.0921409214092141,0.38346883468834686,35.2,0.25719018704101165,0,1.2991258337203586,-2.0214916785651917,-0.5282775144091096,2.561755461276152,1.1544522282514347,-0.4944109733432792,0.186567164,0.179104477,78.31388509339176
Otto Lopez,672640,70.675824359,6.560187172,5.4,0.30029154518950435,0.11224489795918367,0.20699708454810492,32,-0.41245768221654144,-1.140925871839074,-2.0095666945037607,1.1042437504501792,0.11971231617730861,-0.41587407501725177,0.5728950074874337,-0.4984460587149123,0.270471464,0.106699751,90.59459499239875
Mickey Moniak,666160,73.145357926,7.685752686,19.8,0.20212765957446807,0.09308510638297872,0.28324468085106386,39.7,0.5092464387154823,0,0.8954521044326161,-1.215516197744034,-0.49784461673479824,0.8706609916018536,1.97226706995081,-0.5029406880574872,0.219387755,0.160714285,79.38560240314072
Cedric Mullins,656775,70.958750232,7.503361768,21.5,0.23658536585365847,0.08414634146341464,0.16829268292682928,28.1,-0.30686124629557665,0,0.42471180637364275,-0.40122888187129846,-0.785958202198014,-1.0689382020545009,-0.13587785531869134,-0.5232635554142961,0.234234234,0.171171171,104.68086673562172
Gleyber Torres,650402,70.103065042,7.247346383,15,0.2599444958371878,0.07955596669750231,0.2062904717853839,21.4,-0.6262286670841131,0,-0.23604893744027564,0.15078241862834005,-0.9339148096631277,-0.42779683903658017,-1.3535132862933175,-0.5487159179213689,0.257240204,0.120954003,103.72474872776066
Michael Massey,686681,70.874809542,7.174158592,16.8,0.3027823240589198,0.10147299509001637,0.15711947626841244,37.4,-0.3381904336857567,0,-0.4249423479642458,1.1631045934667008,-0.22748683111256618,-1.2574650916828563,1.554272817526684,-0.5693558591724864,0.259036144,0.189759036,101.9835374141075
Will Benson,666181,72.081767569,7.873000677,18.2,0.16153846153846155,0.06461538461538462,0.3738461538461538,22,0.11228256337874688,0,1.3787282239940322,-2.1746998663948665,-1.4154785056906467,2.399390784373087,-1.2444713074000673,-0.5704567143627584,0.186588921,0.189504373,74.99757990681644
Josh Smith,669701,70.149388275,6.82476836,15.4,0.2783068783068783,0.09206349206349208,0.2201058201058201,25.9,-0.6089394448109083,0,-1.326698113843852,0.5847130759136379,-0.530773211143142,-0.19468876830899462,-0.5356984445939421,-0.5853467510038501,0.258126195,0.135755258,110.81133451815832
Logan O'Hoppe,681351,70.67989455,7.304247626,15.3,0.22690058479532163,0.10058479532163744,0.3111111111111111,34,-0.4109385646520716,0,-0.08919015530647245,-0.6300947938652963,-0.2561152179398292,1.3408546953954417,0.936368270464934,-0.6171497761821533,0.244258872,0.164926931,100.82934296955236
Jorge Polanco,593871,69.740983581,7.193933526,17.8,0.23415977961432508,0.0881542699724518,0.2644628099173554,24,-0.7613683465670728,0,-0.3739043992147552,-0.4585491251933981,-0.6567749578225429,0.5537521742154049,-0.880998044422567,-0.6180343875001427,0.213429256,0.141486811,92.09728405649696
Spencer Horwitz,687462,69.496512973,6.998690397,13.7,0.27344992050874406,0.09062003179650238,0.18282988871224165,25.7,-0.8526121222546772,0,-0.8778155026142519,0.4699358734874179,-0.5772987117842726,-0.8236501415721883,-0.572045770891692,-0.6448711496484418,0.265243902,0.167682927,127.1824659214581
Jonah Heim,641680,70.2480975,7.42537908,14.5,0.277363184079602,0.08955223880597014,0.1990049751243781,32.1,-0.572098196458482,0,0.2234430469688555,0.5624121649618984,-0.6117157335767794,-0.5507259199072467,0.5910686706363091,-0.6694685092977989,0.220043572,0.11546841,70.35728047613486
Nick Castellanos,592206,71.872110096,7.581908191,15.2,0.23513986013986013,0.08741258741258741,0.2928321678321678,37.8,0.03403209558573793,0,0.6274355328614176,-0.4353883514027454,-0.6806808132198996,1.032431838159881,1.626967470122184,-0.7319178450437196,0.254125412,0.176567657,104.96917554016036
Mark Canha,592192,68.438491652,7.218751932,9.6,0.2905604719764012,0.084070796460177,0.2035398230088496,23.6,-1.247497466042208,-0.09921094537731087,-0.30984954403940884,0.8742838853606043,-0.7883931629495816,-0.4742088740193406,-0.9536926970180668,-0.7848565276742697,0.241730279,0.1043257,102.34740039034824
Zack Gelof,680869,71.624308638,7.32726442,14.2,0.19754464285714285,0.078125,0.34933035714285715,29.7,-0.05845485339265671,0,-0.029785155393474257,-1.3238197612811227,-0.9800376185305472,1.9857327325234948,0.15490075506330842,-0.7899707069814158,0.211267605,0.150905433,82.200735945859
Adley Rutschman,668939,69.07486558,6.939966446,18.8,0.3004073319755601,0.08961303462321792,0.15784114052953158,28.9,-1.0099835971362516,0,-1.0293785875532766,1.106979965985448,-0.6097561674570704,-1.2452883618805621,0.009511449872308208,-0.8275467518820168,0.250437828,0.140105079,103.70312275446857
Korey Lee,686676,71.422844625,7.208018595,9.6,0.1937244201909959,0.09140518417462484,0.35743519781718963,35.3,-0.1336472757524733,-0.09921094537731087,-0.3375516594405014,-1.4140973565350943,-0.5519917405380856,2.1224867056646115,1.1726258914003085,-0.8371019151833772,0.209549071,0.137931035,64.15430982976815
Willi Castro,650489,70.643351091,7.082113089,13.6,0.20989917506874428,0.08707607699358387,0.2768102658111824,31.7,-0.42457768144866104,0,-0.6625064108700999,-1.0318636225893354,-0.6915271912416149,0.7620923155599622,0.5183740180408086,-0.8742380199028024,0.247311827,0.137992832,107.53783062221416
Davis Schneider,676914,69.828336482,6.922219723,21.4,0.2204379562043796,0.07591240875912408,0.2686131386861314,22.9,-0.7287656195165239,0,-1.075181842266813,-0.7828164070267235,-1.0513536897450426,0.6237811817897885,-1.0809083390601923,-0.906350507333096,0.191435768,0.151133501,80.31925066306782
Alex Verdugo,657077,68.335839206,6.317391896,9.9,0.3341232227488152,0.09123222748815166,0.15995260663507108,25.5,-1.2858104429404669,-0.02480273634432761,-2.636207109743904,1.9037370680852015,-0.5575664671941769,-1.2096613346892955,-0.6083930971894419,-0.9282690470114321,0.232558139,0.123434705,83.14835690521085
Will Smith,669257,67.854933052,7.167339905,18.7,0.27078384798099764,0.08669833729216152,0.18883610451306407,26.3,-1.465299067774926,0,-0.44254098053843377,0.406932578231757,-0.7037024683327934,-0.7223065239355505,-0.46300379199844166,-0.9592995321385901,0.247899159,0.18487395,110.61832240025323
Paul DeJong,657557,72.040205192,6.899971143,20,0.18269230769230768,0.0811965811965812,0.32264957264957267,34.3,0.09677023559809673,0,-1.1326041267502382,-1.6748027326322856,-0.881034648931078,1.5355445755207584,0.9908892599115585,-0.986263248067333,0.226966292,0.2,95.00773613826532
Cody Bellinger,641355,68.973726072,7.611819248,17.4,0.3063973063973064,0.07744107744107744,0.2053872053872054,32.4,-1.0477319001187746,0,0.7046342225869598,1.2485320517368954,-1.002081758006582,-0.4430377640244055,0.6455896600829335,-1.0260689955814628,0.265503875,0.160852714,108.81758251427196
Wenceel Pérez,672761,70.212335468,6.853798532,18,0.25467625899280577,0.07194244604316546,0.20287769784172663,28.4,-0.5854456612217732,0,-1.2517729368129258,0.026286075063405006,-1.179313223589222,-0.4853809933686515,-0.08135686587206684,-1.085221307302013,0.241645244,0.141388175,95.13824408302922
Anthony Volpe,683011,69.309547131,7.075967989,8.4,0.2546916890080429,0.07864164432529044,0.21000893655049152,29.3,-0.9223933916197511,-0.39684378150924304,-0.6783665547704797,0.026650709481886428,-0.9633851782540539,-0.3650547258912655,0.08220610246780863,-1.103114850527924,0.2433281,0.120879121,85.91384880657668
Josh Rojas,668942,66.577504601,7.254073416,15.5,0.290633608815427,0.07713498622589532,0.2258953168044077,22,-1.9420737442628597,0,-0.21868685848263558,0.8760122186355813,-1.0119476665832685,-0.09700187872872051,-1.2444713074000673,-1.1420920899210871,0.225118483,0.111374407,91.02579097798856
Bryson Stott,681082,68.190751828,7.071885937,14,0.30151338766006985,0.07566938300349244,0.14318975552968569,28.3,-1.3399614113600924,0,-0.6889020923742322,1.133117721854856,-1.0591868772653557,-1.492502982285683,-0.09953052902094146,-1.1686221443921363,0.245059288,0.110671937,88.24955537256146
Pete Crow-Armstrong,691718,70.574327393,7.1605468,17.2,0.23724137931034484,0.08827586206896551,0.29517241379310344,41.4,-0.4503393992640007,0,-0.4600735874659687,-0.3857262992996855,-0.6528558106913903,1.0719190959784013,2.2812193434816845,-1.1911250496568915,0.236559139,0.147849463,87.03000305892458
Andrew Benintendi,643217,68.037030803,6.708010865,16.1,0.3189122373300371,0.07292954264524104,0.19777503090234855,25.1,-1.3973347162261298,0,-1.6280423836112712,1.5442786529463997,-1.1474972016016542,-0.5714789199800524,-0.6810877497849417,-1.234096514776395,0.22851153,0.167714885,92.82664401784544
Jake Fraley,641584,71.807234508,7.076663011,11.1,0.20574886535552195,0.05748865355521936,0.20121028744326777,31.6,0.00981857704663384,0,-0.67657274361461,-1.1299416701830407,-1.6451867547444112,-0.5135154140202755,0.500200354891934,-1.2408507033961276,0.277142857,0.108571428,94.52462097581216
Isiah Kiner-Falefa,643396,67.024680971,6.822551125,9.1,0.35130970724191063,0.08628659476117104,0.14175654853620956,30.1,-1.7751740881820084,-0.22322462709894936,-1.3324206677747814,2.309879491315002,-0.716973722019276,-1.5166856600910845,0.22759540765880884,-1.244443725287262,0.268817204,0.107526882,92.93828791772631
Ezequiel Tovar,678662,71.316650607,7.545631735,18.9,0.2085603112840467,0.08015564202334631,0.31828793774319064,44.1,-0.17328207372277613,0,0.5338081203936352,-1.0635029832805896,-0.9145861205436064,1.4619501735076859,2.77190824850131,-1.2704836993952207,0.26870229,0.2,94.9116291349422
Jake Meyers,676694,68.622236858,7.002006466,14.4,0.23842917251051893,0.07994389901823282,0.24544179523141652,31.2,-1.1789182347918958,0,-0.8692569223594815,-0.3576569632578445,-0.9214110048479784,0.23280825489623697,0.4275057022964336,-1.285640313164932,0.219088937,0.14099783,85.51589887204575
Jeff McNeil,643446,68.801503878,7.2238249,14.9,0.27680798004987534,0.0685785536159601,0.14713216957605985,30.7,-1.112010397097696,0,-0.2967565101616814,0.549291860451065,-1.2877379463597547,-1.4259821453842942,0.3366373865520585,-1.2948183780667197,0.238207547,0.146226415,97.4935805335597
Max Schuemann,680474,68.329675398,6.667583128,16.6,0.28421052631578947,0.06466165413533835,0.2661654135338346,21.4,-1.28811096126917,0,-1.7323840096851626,0.7242251389651736,-1.4139871500714432,0.5824804143614883,-1.3535132862933175,-1.2954420402001863,0.219696969,0.088383839,85.35837579404581
Jose Altuve,514888,69.409635541,7.784342234,14.1,0.2611717974180735,0.070506454816286,0.21449851042701093,37.3,-0.8850373899896132,0,1.1499059649643113,0.179785397003291,-1.2255979827022454,-0.2893015939057114,1.5360991543778089,-1.2997177838379437,0.294585987,0.144904458,127.47955141816854
Isaac Paredes,670623,68.202566969,7.997963976,22.4,0.2422825070159027,0.05425631431244153,0.1608980355472404,26.5,-1.3355516457692882,0,1.7012511942314692,-0.2665968855461811,-1.7493712653619689,-1.193708996419267,-0.42665646570069177,-1.318805220312445,0.23800738,0.154981549,116.7198752227572
Jeimer Candelario,600869,68.446305997,7.808011396,12.4,0.2473404255319149,0.07180851063829788,0.2779255319148936,34.6,-1.2445809177169977,0,1.2109946885524352,-0.14707067974083773,-1.183630219288752,0.7809103376433737,1.0454102493581843,-1.3602624617477959,0.224824355,0.203747073,87.48743401466132
Jonny DeLuca,676356,70.838766252,7.648051148,16.2,0.2025518341307815,0.06220095693779904,0.2232854864433812,37.8,-0.3516428723846567,0,0.7981466386231755,-1.2054923163480002,-1.4933001534563572,-0.141037867273811,1.626967470122184,-1.3834877332101239,0.216867469,0.114457832,76.9746373265509
Jacob Young,696285,68.17035116,6.93405826,4,0.2942008486562942,0.07355021216407355,0.1768033946251768,27.8,-1.3475755535676086,-1.488164180659662,-1.0446272702679933,0.9603114500341691,-1.1274918292635612,-0.9253359172256923,-0.19039884476531652,-1.4003012928249103,0.256410256,0.074786325,84.95606118084855
Ozzie Albies,645277,69.090365995,7.21294747,18.4,0.26877470355731226,0.06587615283267458,0.18708827404479575,33.6,-1.0041983765696743,0,-0.3248305211731068,0.35945348003793826,-1.3748415211866185,-0.7517978823122501,0.8636736178694342,-1.4493354872823307,0.250626566,0.152882205,95.15225593821285
Brayan Rocchio,677587,69.499249137,7.29060473,9.4,0.23420647149460708,0.05701078582434515,0.23112480739599384,29.9,-0.8515909036456016,-0.1488164180659661,-0.12440167241407185,-0.4574457259839491,-1.6605893508030682,-0.008764041041381185,0.1912480813610583,-1.4700478617438815,0.206266318,0.109660574,79.07827586903122
Nico Hoerner,663538,68.216665105,7.132460295,10.4,0.31684210526315787,0.06421052631578947,0.10421052631578948,31.8,-1.3302897978550494,0,-0.5325632151300772,1.495358325209461,-1.4285278673586776,-2.150204309081676,0.5365476811896839,-1.4704383107039658,0.273195876,0.099656357,102.9626775593338
Gio Urshela,570482,68.189103375,7.1262678,10.5,0.28875,0.07375,0.19125,36.4,-1.3405766635451881,0,-0.5485456827550744,0.8314997152773833,-1.1210522830557041,-0.6815765686100451,1.372536186037934,-1.5489899500509858,0.25,0.111111111,81.14010877018599
Ceddanne Rafaela,678882,70.066287333,7.461803306,14.9,0.20925925925925928,0.0787037037037037,0.31296296296296294,46.4,-0.6399552130184172,0,0.3174518451690356,-1.0469857935971238,-0.9613848851277486,1.372101219366171,3.189902500925435,-1.6101606250875204,0.246323529,0.143382353,79.20161346957882
José Caballero,676609,69.696699201,6.960196272,15.9,0.20639147802929428,0.06524633821571238,0.26897470039946736,35,-0.7778966076461471,0,-0.9771665891415936,-1.114755768224503,-1.3951416576263818,0.6298818570308194,1.1181049019536842,-1.6223442436403799,0.226757369,0.120181406,82.76486924839071
Mauricio Dubón,643289,69.399416902,7.62454883,14.6,0.27393617021276595,0.05585106382978723,0.17553191489361702,41.2,-0.888851293069319,0,0.7374885296465161,0.4814266837904535,-1.697969421204218,-0.9467897510573513,2.244872017183935,-1.7577150620419317,0.268656716,0.092039801,86.73127265224035
Steven Kwan,680757,64.427730594,6.451500728,14.9,0.3863298662704309,0.05794947994056464,0.07429420505200594,19.2,-2.7444339906682305,0,-2.290080053417443,3.1374584098221727,-1.6303334340281128,-2.6549860758035035,-1.7533338755685677,-1.7970515616113896,0.291666666,0.133333334,130.84328170592786
Charlie Blackmon,453568,67.416142632,7.146954237,16.3,0.2381578947368421,0.05394736842105263,0.1881578947368421,29.5,-1.6290688353714875,0,-0.4951551980426817,-0.36406766420216835,-1.7593291856432558,-0.7337500408716979,0.11855342876555852,-1.8495683999435444,0.256124721,0.155902005,93.88503887160977
Keibert Ruiz,660688,66.387764787,7.093757929,19.8,0.3388203017832647,0.07133058984910837,0.1056241426611797,38.2,-2.012890343318499,0,-0.6324517595061051,2.0147360953685083,-1.1990345255189594,-2.1263521866899846,1.699662122717685,-1.854879708894065,0.228758169,0.130718955,70.74136544654421
Sal Frelick,686217,66.265573338,6.931139618,9.7,0.31683168316831684,0.05091937765205092,0.12022630834512024,25.8,-2.0584958631587376,-0.07440820903298327,-1.0521601146665696,1.4951120354661707,-1.8569271519234953,-1.8799680498533635,-0.5538721077428167,-1.8798205929097345,0.258947368,0.075789474,85.8668503354287
Jake McCarthy,664983,67.344801611,6.718087556,9.1,0.2652777777777778,0.05694444444444444,0.16527777777777777,31.1,-1.6556954477512034,-0.22322462709894936,-1.6020350331532387,0.2768158754408221,-1.662727661072973,-1.119809067299531,0.40933203914755895,-1.9712338161859113,0.285067873,0.115384615,109.63283087810512
Andrés Giménez,665926,68.263724381,7.007848725,8.7,0.24316939890710385,0.05919854280510018,0.23406193078324225,37.4,-1.3127258622208526,-0.32243557247626026,-0.8541783933781342,-0.24563829904875045,-1.590073735556499,0.040794402973929104,1.554272817526684,-2.011440775289258,0.252144082,0.087478559,83.04527976744255
Nolan Schanuel,694384,65.180501494,6.565545198,10.3,0.31800766283524906,0.04853128991060025,0.12899106002554278,21.5,-2.463477274825497,0,-1.9957379425905342,1.5229021999869432,-1.933899812887451,-1.7320793171742623,-1.3353396231444423,-2.037277464902782,0.250481695,0.111753372,103.92825918950916
Ernie Clement,676391,66.757066662,6.817448171,16.3,0.3686502177068215,0.06095791001451379,0.11611030478955008,43.3,-1.875055788403365,0,-1.3455910937657376,2.719661779431572,-1.533365946570894,-1.949417883885239,2.6265189433103093,-2.2512281852053637,0.262672811,0.14516129,94.3377130663612
Brice Turang,668930,66.164887754,6.076775292,6.1,0.2915766738660907,0.052915766738660906,0.13822894168466524,28.4,-2.096074748066941,-0.9673067174287803,-3.2572244999019957,0.8982982611996537,-1.792579691966926,-1.5762074041959733,-0.08135686587206684,-2.3500195433144566,0.254025044,0.094812165,87.33301823787872
Justin Turner,457759,65.058389488,6.334991081,17.8,0.27906976744186046,0.04302325581395349,0.14186046511627906,25.1,-2.5090531441513795,0,-2.590784641984325,0.6027412911697494,-2.111434345534712,-1.5149322628596316,-0.6810877497849417,-2.4378086479131045,0.258695652,0.123913043,116.63779364930164
Nicky Lopez,670032,64.152404,6.707619188,5.6,0.3234375,0.025,0.184375,27.9,-2.8471941473565443,-1.0913203991504188,-1.629053279053571,1.65121740166307,-2.6923585449074516,-0.7975792888513794,-0.1722251816164419,-2.9902984431015778,0.24120603,0.052763819000000003,76.8212526724623
Luis Arraez,650333,63.149960605,5.957815558,13.7,0.4327424400417101,0.043795620437956206,0.0583941605839416,35.3,-3.221336139398799,0,-3.5642526198009055,4.2342571872203125,-2.0865395481987483,-2.9232694809313067,1.1726258914003085,-2.9951962736732263,0.313971742,0.078492936,109.21471774923764
