name,id,swings_competitive,percent_swings_competitive,contact,avg_bat_speed,hard_swing_rate,squared_up_per_bat_contact,squared_up_per_swing,blast_per_bat_contact,blast_per_swing,swing_length,swords,batter_run_value,whiffs,whiff_per_swing,batted_ball_events,batted_ball_event_per_swing,Category,Level,player_id,attempts,avg_hit_angle,anglesweetspotpercent,max_hit_speed,avg_hit_speed,ev50,fbld,gb,max_distance,avg_distance,avg_hr_distance,ev95plus,ev95percent,barrels,brl_percent,brl_pa
"Abrams, CJ",682928,1024,0.9022026431718062,794,72.244802256,0.23925781250000008,0.31863979848866497,0.2470703125,0.13476070528967254,0.1044921875,7.503694268,32,-18.94988637570394,230,0.224609375,379,0.3701171875,All,Average,682928,418,15.1,33,110,88.2,99.5,93.6,84,429,173,404,170,40.7,29,6.9,4.8
"Abreu, Wilyer",677800,756,0.907563025210084,557,74.554858995,0.4457671957671959,0.30700179533213645,0.2261904761904762,0.15978456014362658,0.11772486772486772,7.392287765,17,-9.747421622553595,199,0.26322751322751325,263,0.3478835978835979,All,Elite,677800,279,19.2,33.7,114.4,91.6,101.9,94.4,89.6,430,191,407,141,50.5,31,11.1,6.9
"Adames, Willy",642715,1185,0.906656465187452,861,73.597868658,0.33248945147679326,0.29036004645760743,0.2109704641350211,0.13472706155632985,0.0978902953586498,8.105363502,9,-7.247283888677827,324,0.27341772151898736,403,0.340084388185654,All,Elite,642715,440,20.6,38.2,112.3,88.6,99.8,93,83.4,446,192,400,179,40.7,53,12,7.7
"Adell, Jo",666176,797,0.9046538024971624,578,76.674033049,0.6587202007528232,0.2508650519031142,0.18193224592220827,0.1522491349480969,0.11041405269761606,7.555006148,20,-18.521812960013904,219,0.27478042659974905,262,0.328732747804266,All,Elite,666176,282,15.9,30.5,115.6,89.8,102.7,96.4,83.3,439,181,407,126,44.7,33,11.7,7.3
"Albies, Ozzie",645277,759,0.9046483909415972,617,69.090365995,0.07509881422924901,0.33063209076175043,0.26877470355731226,0.08103727714748785,0.06587615283267458,7.21294747,7,-23.29926064023966,142,0.18708827404479575,276,0.3636363636363637,All,Poor,645277,338,18.4,33.4,113.7,88.4,97.1,91.5,87,431,170,395,108,32,21,6.2,4.8
"Alonso, Pete",624413,992,0.9001814882032668,763,75.234998024,0.5181451612903224,0.2961992136304063,0.22782258064516128,0.18610747051114024,0.1431451612903226,7.318061079,19,-10.859541205083444,229,0.2308467741935484,387,0.3901209677419355,All,Elite,624413,440,14.4,30.5,116.3,89.8,102.8,95.3,86.1,471,171,409,204,46.4,58,13.2,8.3
"Altuve, Jose",514888,1007,0.8991071428571429,791,69.409635541,0.1300893743793446,0.3324905183312263,0.2611717974180735,0.0897597977243995,0.070506454816286,7.784342234,10,-17.93984501666338,216,0.21449851042701093,397,0.394240317775571,All,Poor,514888,509,14.1,34.8,108.4,86.5,97.3,89.1,84.3,438,157,390,159,31.2,33,6.5,4.8
"Alvarez, Yordan",670541,914,0.913086913086913,741,76.545736991,0.6301969365426694,0.3427800269905533,0.2778993435448578,0.22402159244264508,0.18161925601750548,7.582607888,1,23.156524913917657,173,0.1892778993435449,406,0.4442013129102845,All,Elite,670541,461,18.3,35.4,117,93.1,104.1,95.5,90.9,461,202,407,229,49.7,67,14.5,10.6
"Arcia, Orlando",606115,938,0.90279114533205,708,70.882941183,0.13539445628997873,0.3418079096045198,0.2579957356076759,0.1228813559322034,0.09275053304904052,7.908655672,25,-34.13291465120566,230,0.24520255863539445,373,0.3976545842217484,All,Average,606115,431,8.6,29.7,107.8,88.2,98.4,92.8,85.9,421,145,394,163,37.8,23,5.3,3.8
"Arenado, Nolan",571448,983,0.9010082493125572,840,70.749732157,0.12817904374364197,0.32261904761904764,0.27568667344862663,0.09166666666666666,0.07833163784333673,8.22087588,29,-14.948463946190618,143,0.14547304170905392,434,0.4415055951169888,All,Average,571448,493,16.9,35.9,107.5,86.3,96.9,88.9,84.6,425,164,384,156,31.6,16,3.2,2.5
"Arozarena, Randy",668227,964,0.900093370681606,705,72.744876328,0.3340248962655602,0.32907801418439714,0.24066390041493776,0.15886524822695036,0.11618257261410787,7.383195456,15,-12.680310544492826,259,0.26867219917012447,347,0.3599585062240664,All,Average,668227,384,13.2,28.4,112.1,90.4,100.9,94.6,87.8,445,158,399,167,43.5,32,8.3,4.9
"Arraez, Luis",650333,959,0.9004694835680751,903,63.149960605,0.00208550573514077,0.45957918050941304,0.43274244004171014,0.04651162790697674,0.0437956204379562,5.957815558,8,-13.510535282925687,56,0.0583941605839416,493,0.5140771637122002,All,Poor,650333,611,13.7,40.9,108.4,86.3,94.8,89.3,83.9,401,164,379,145,23.7,10,1.6,1.5
"Bader, Harrison",664056,644,0.9032258064516128,497,71.168631211,0.1987577639751553,0.33400402414486924,0.2577639751552795,0.13279678068410464,0.10248447204968944,7.056127795,16,-17.45970626757476,147,0.22826086956521735,278,0.4316770186335403,All,Average,664056,313,11.9,33.9,111.7,87.2,98.7,92.1,84.4,431,156,404,111,35.5,20,6.4,4.6
"Bailey, Patrick",672275,726,0.9052369077306732,564,71.293826419,0.1322314049586777,0.3617021276595745,0.2809917355371901,0.15602836879432624,0.12121212121212122,7.279011102,9,-26.76842067758762,162,0.2231404958677686,275,0.3787878787878788,All,Average,672275,309,12.1,37.9,110.1,91.3,100.7,93.5,89.5,433,171,411,132,43,17,5.5,3.8
"Bell, Josh",605137,914,0.9004926108374385,690,70.425166608,0.14989059080962794,0.3608695652173914,0.2724288840262582,0.1536231884057971,0.11597374179431072,7.873993435,14,-16.705806954247972,224,0.2450765864332604,368,0.4026258205689278,All,Poor,605137,421,10.5,31.4,111.2,88.9,100.1,93.5,86.2,436,154,395,169,40.1,32,7.6,5.3
"Bellinger, Cody",641355,891,0.9,708,68.973726072,0.05162738496071831,0.3855932203389831,0.3063973063973064,0.09745762711864409,0.07744107744107744,7.611819248,22,-5.832518925210242,183,0.2053872053872054,380,0.4264870931537598,All,Poor,641355,432,17.4,32.9,109.2,87.8,97.3,90.6,85.4,430,179,396,142,32.9,27,6.3,4.7
"Benintendi, Andrew",643217,809,0.900890868596882,649,68.037030803,0.00988875154511743,0.3975346687211094,0.3189122373300371,0.09090909090909093,0.07292954264524104,6.708010865,12,-23.10385099629613,160,0.19777503090234855,344,0.4252163164400494,All,Poor,643217,384,16.1,36.5,109.5,88,97.2,92,83.8,415,180,382,132,34.4,24,6.3,4.6
"Benson, Will",666181,650,0.9027777777777778,407,72.081767569,0.2076923076923076,0.257985257985258,0.16153846153846155,0.1031941031941032,0.06461538461538462,7.873000677,17,-21.915572938885216,243,0.37384615384615383,160,0.24615384615384617,All,Average,666181,192,18.2,36.5,110.7,89.4,99.8,94,83.2,439,187,397,77,40.1,22,11.5,5.7
"Betts, Mookie",605141,637,0.8984485190409027,559,68.995526813,0.0957613814756672,0.4239713774597495,0.37205651491365777,0.1180679785330948,0.10361067503924648,6.913299827,19,-13.150571334509047,78,0.12244897959183672,322,0.5054945054945055,All,Poor,605141,397,21.4,39.3,109.4,89.9,98.5,92.1,87.6,421,205,391,157,39.5,24,6,4.7
"Blackmon, Charlie",453568,760,0.8994082840236687,617,67.416142632,0.02368421052631579,0.293354943273906,0.2381578947368421,0.06645056726094004,0.05394736842105263,7.146954237,5,-15.35558247784585,143,0.1881578947368421,301,0.3960526315789474,All,Poor,453568,364,16.3,34.1,107.6,84.8,96.1,89.6,81.3,452,169,409,99,27.2,19,5.2,3.8
"Bleday, JJ",668709,961,0.9023474178403756,728,71.727744912,0.16545265348595206,0.35027472527472525,0.26534859521331944,0.15521978021978022,0.11758584807492196,7.284254246,24,-20.64757280034509,233,0.24245577523413112,397,0.413111342351717,All,Average,668709,448,18.6,37.1,113.3,88.5,99,90.9,86.8,417,183,392,162,36.2,37,8.3,5.8
"Bogaerts, Xander",593428,642,0.8991596638655462,535,70.681860343,0.15264797507788164,0.3700934579439252,0.308411214953271,0.12897196261682242,0.10747663551401868,7.206022087,9,-8.339147895718831,107,0.16666666666666666,294,0.45794392523364486,All,Average,593428,355,10.9,32.1,111.3,88.1,98.1,91.1,86.2,447,153,399,118,33.2,18,5.1,3.9
"Bohm, Alec",664761,891,0.9054878048780488,741,72.241152671,0.21661054994388323,0.3913630229419703,0.3254769921436588,0.18758434547908232,0.15600448933782268,7.391298283,9,-4.2903473631191025,150,0.16835016835016836,415,0.4657687991021324,All,Average,664761,474,10.1,35.2,110.8,90.4,100.8,92.4,90,427,160,397,216,45.6,32,6.8,5.3
"Bregman, Alex",608324,906,0.9041916167664672,806,71.334739294,0.11920529801324511,0.3784119106699752,0.336644591611479,0.1327543424317618,0.11810154525386314,7.006856071,7,-3.241456733321239,100,0.11037527593818984,446,0.4922737306843267,All,Average,608324,499,18.2,34.9,109.1,89.1,99,92.8,86.9,424,178,387,202,40.5,32,6.4,5
"Brown, Seth",664913,685,0.9121171770972036,498,73.30077019,0.2817518248175182,0.3092369477911647,0.22481751824817517,0.14457831325301204,0.10510948905109488,7.207996745,14,-16.06761559360786,187,0.272992700729927,229,0.3343065693430657,All,Average,664913,261,14.6,35.2,110.9,90,100.9,94,86.7,445,174,404,106,40.6,22,8.4,5.5
"Burger, Jake",669394,929,0.902818270165209,665,74.688491916,0.4693218514531755,0.33383458646616543,0.23896663078579117,0.20150375939849624,0.1442411194833154,7.483993111,17,0.8311061340801462,264,0.28417653390742736,341,0.3670613562970936,All,Elite,669394,389,13,32.4,115.5,91.3,103.6,96,88.7,441,170,405,182,46.8,48,12.3,8.3
"Burleson, Alec",676475,995,0.8996383363471971,830,71.189667518,0.17989949748743722,0.3710843373493976,0.30954773869346736,0.13253012048192772,0.11055276381909548,7.45959591,11,-15.555310002348897,165,0.1658291457286432,424,0.4261306532663317,All,Average,676475,478,13.6,34.3,111,89.7,99.4,93.4,86.3,435,169,387,199,41.7,31,6.5,5.2
"Busch, Michael",683737,909,0.9,654,70.263848581,0.11331133113311335,0.35015290519877673,0.25192519251925194,0.13302752293577982,0.09570957095709572,7.267991078,18,-11.662130406340244,255,0.28052805280528054,299,0.32893289328932895,All,Poor,683737,338,17.2,36.4,109.3,89.9,100,95.4,83.6,468,177,404,135,39.9,38,11.2,6.7
"Butler, Lawrence",671732,725,0.90738423028786,539,74.192122248,0.4358620689655173,0.3209647495361781,0.2386206896551724,0.17625231910946196,0.1310344827586207,7.071419655,12,0.00554234124778085,186,0.25655172413793104,272,0.37517241379310345,All,Elite,671732,308,11.3,35.1,113.1,91.1,101.8,94.6,88,457,177,405,146,47.4,34,11,7.5
"Buxton, Byron",621439,658,0.905089408528198,460,74.321311261,0.417933130699088,0.31521739130434784,0.22036474164133735,0.1673913043478261,0.11702127659574468,8.076933739,12,1.6972671093291782,198,0.3009118541033435,221,0.33586626139817627,All,Elite,621439,258,19.8,39.5,113.2,91.7,102.5,95.6,88.2,456,198,407,124,48.1,34,13.2,8.8
"Caballero, José",676609,751,0.9004796163069544,549,69.696699201,0.15579227696404802,0.28233151183970856,0.20639147802929428,0.08925318761384335,0.06524633821571238,6.960196272,18,-19.12249848162401,202,0.26897470039946736,250,0.33288948069241014,All,Poor,676609,314,15.9,33.4,109.9,83.7,96.2,89.4,78.1,423,154,395,79,25.2,16,5.1,3.3
"Candelario, Jeimer",600869,752,0.9005988023952096,543,68.446305997,0.05053191489361703,0.3425414364640884,0.2473404255319149,0.09944751381215468,0.07180851063829788,7.808011396,18,-8.266213508625421,209,0.2779255319148936,269,0.35771276595744683,All,Poor,600869,316,12.4,33.9,108.2,86.9,97.9,92.3,81.8,423,170,385,109,34.5,26,8.2,5.6
"Canha, Mark",592192,678,0.9027962716378164,540,68.438491652,0.03982300884955753,0.3648148148148148,0.29056047197640117,0.10555555555555556,0.084070796460177,7.218751932,14,-22.645755594304852,138,0.20353982300884957,262,0.3864306784660767,All,Poor,592192,302,9.6,31.5,107,88.4,98.2,92.8,86.7,414,147,390,113,37.4,10,3.3,2.2
"Carroll, Corbin",682998,911,0.9128256513026052,723,73.693149901,0.3688254665203072,0.34854771784232363,0.27661909989023054,0.1839557399723375,0.145993413830955,7.020155741,5,-17.089090042084948,188,0.20636663007683864,414,0.4544456641053787,All,Elite,682998,471,12,27.8,111.5,89.3,101.1,94.6,88.1,440,149,399,192,40.8,34,7.2,5
"Castellanos, Nick",592206,1144,0.9064976228209192,809,71.872110096,0.2281468531468532,0.33250927070457353,0.23513986013986013,0.12360939431396786,0.08741258741258741,7.581908191,12,-19.14748130149783,335,0.2928321678321678,413,0.361013986013986,All,Average,592206,469,15.2,39,113.1,88.4,99.3,91.4,85.4,445,184,398,179,38.2,38,8.1,5.8
"Castro, Willi",650489,1091,0.9016528925619834,789,70.643351091,0.15490375802016504,0.2902408111533587,0.20989917506874428,0.12040557667934092,0.08707607699358387,7.082113089,18,-16.824407504253895,302,0.2768102658111824,364,0.33363886342804766,All,Average,650489,413,13.6,38.7,112.3,87.4,98.9,91.2,84,432,175,399,152,36.8,29,7,4.6
"Chapman, Matt",656305,990,0.9049360146252284,757,76.599640596,0.6414141414141414,0.2813738441215324,0.21515151515151515,0.1849405548216645,0.1414141414141414,7.451106121,21,-4.110118880408867,233,0.23535353535353537,348,0.3515151515151515,All,Elite,656305,419,16.2,31.3,114.5,93.2,104.4,96.8,91.3,428,178,407,202,48.3,53,12.6,8.2
"Chisholm Jr., Jazz",665862,924,0.9094488188976378,650,71.9478004,0.2326839826839826,0.32461538461538464,0.22835497835497837,0.15076923076923077,0.10606060606060606,7.493207803,11,-16.103414735690286,274,0.29653679653679654,313,0.33874458874458874,All,Average,665862,412,11.4,29.4,110.1,89.7,100.1,94.4,87.5,440,152,401,169,41.1,40,9.7,6.4
"Chourio, Jackson",694192,860,0.9062170706006324,648,73.151587767,0.3395348837209303,0.3441358024691358,0.2593023255813954,0.17746913580246915,0.13372093023255813,7.370065977,22,-8.091728344126718,212,0.24651162790697675,349,0.40581395348837207,All,Average,694192,410,7.6,33.2,111.6,89.7,100.8,93.6,86.5,449,153,399,184,44.9,32,7.8,5.6
"Clement, Ernie",676391,689,0.90065359477124185,609,66.757066662,0.01015965166908563,0.41707717569786534,0.3686502177068215,0.06896551724137931,0.06095791001451379,6.817448171,13,-2.8443109591566023,80,0.11611030478955008,348,0.5050798258345428,All,Poor,676391,397,16.3,34.3,109.4,85.5,95.7,90.2,81.8,415,168,393,99,24.9,15,3.8,3.3
"Conforto, Michael",624424,722,0.905897114178168,554,74.122102673,0.4293628808864266,0.3303249097472924,0.25346260387811637,0.17509025270758122,0.13434903047091412,7.375714017,5,-13.343443901553606,168,0.23268698060941828,286,0.3961218836565097,All,Elite,624424,323,14.8,33.7,113.6,90.2,102,95.4,86.3,440,168,399,148,46,38,11.8,7.8
"Contreras, William",661388,1090,0.9068219633943428,813,74.668738789,0.5036697247706421,0.34932349323493234,0.26055045871559634,0.2091020910209102,0.1559633027522936,7.341808587,24,-3.680678708522735,277,0.25412844036697246,419,0.38440366972477064,All,Elite,661388,459,6.1,29,118.1,92.8,103.9,98,89.7,448,144,408,227,49.5,46,10,6.8
"Cowser, Colton",681297,900,0.9045226130653268,659,73.761869811,0.40555555555555545,0.3110773899848255,0.22777777777777777,0.16995447647951442,0.12444444444444444,6.932131678,23,-6.811725824329136,241,0.2677777777777778,309,0.3433333333333333,All,Elite,681297,330,13,31.8,113.6,90.5,101.8,95.6,84.7,443,179,409,152,46.1,45,13.6,8
"Crawford, J.P.",641487,651,0.9066852367688022,524,71.92572616,0.23195084485407064,0.2900763358778626,0.23348694316436253,0.12213740458015268,0.09831029185867896,7.270289616,5,-27.245293971716578,127,0.19508448540706605,250,0.38402457757296465,All,Average,641487,291,13.2,30.2,110.7,87.5,99,91.5,85.6,429,159,394,110,37.8,19,6.5,4.2
"Cronenworth, Jake",630105,1001,0.8985637342908438,836,69.450343107,0.06293706293706296,0.3181818181818182,0.26573426573426573,0.11842105263157894,0.0989010989010989,7.07888997,11,-25.24365064412015,165,0.16483516483516483,387,0.3866133866133866,All,Poor,630105,463,13.9,35.4,110.9,88.6,99.5,92.6,85.9,422,167,392,170,36.7,36,7.8,5.5
"Crow-Armstrong, Pete",691718,725,0.9017412935323385,511,70.574327393,0.08000000000000003,0.33659491193737767,0.23724137931034484,0.12524461839530332,0.08827586206896551,7.1605468,10,-17.32094345297134,214,0.29517241379310344,240,0.3310344827586207,All,Average,691718,285,17.2,32.6,107.2,88.9,98.8,94,82.7,438,169,403,105,36.8,21,7.4,5.1
"Cruz, Oneil",665833,876,0.9125,590,78.564221598,0.7557077625570771,0.34067796610169493,0.22945205479452055,0.2457627118644068,0.16552511415525115,7.664186142,9,-9.78232019516234,286,0.3264840182648402,304,0.3470319634703196,All,Elite,665833,364,9.8,32.1,121.5,95.5,107.2,98.5,94.4,472,160,422,200,54.9,57,15.7,9.5
"De La Cruz, Bryan",650559,1074,0.9025210084033614,781,71.777762104,0.19832402234636867,0.3265044814340589,0.23743016759776536,0.1267605633802817,0.09217877094972068,7.693105475,20,-23.1865691106994,293,0.27281191806331473,374,0.34823091247672255,All,Average,650559,419,13.1,35.6,110.5,89.6,99.8,93.7,85.4,432,174,397,173,41.3,39,9.3,6.3
"De La Cruz, Elly",682829,989,0.9056776556776556,691,75.184269029,0.5389282103134478,0.31693198263386396,0.22143579373104147,0.18958031837916064,0.13245702730030334,7.281975824,31,2.8325303408795164,298,0.301314459049545,350,0.3538928210313448,All,Elite,682829,403,9.7,35.5,114.7,91.8,103,95.9,88.4,455,164,408,184,45.7,51,12.7,7.3
"DeJong, Paul",657557,936,0.90873786407767,634,72.040205192,0.15491452991453003,0.2697160883280757,0.18269230769230768,0.11987381703470032,0.0811965811965812,6.899971143,11,-19.290413108653503,302,0.32264957264957267,274,0.29273504273504275,All,Average,657557,294,20,36.4,111.5,87.8,100,93.3,80.9,435,188,394,122,41.5,30,10.2,6.2
"DeLuca, Jonny",676356,627,0.8995695839311334,487,70.838766252,0.1116427432216906,0.26078028747433263,0.2025518341307815,0.08008213552361396,0.06220095693779904,7.648051148,11,-19.9230886080204,140,0.22328548644338117,230,0.3668261562998405,All,Average,676356,257,16.2,32.7,109.4,84.6,96.2,89.8,82.6,412,157,383,72,28,10,3.9,2.8
"Devers, Rafael",646240,1009,0.9033124440465532,718,72.535230803,0.2794846382556987,0.32729805013927576,0.23290386521308223,0.1935933147632312,0.1377601585728444,7.446743122,24,-6.235067569410345,291,0.288404360753221,331,0.3280475718533201,All,Average,646240,384,11.6,35.2,114.7,93.2,104.6,96.9,90.6,467,171,405,202,52.6,50,13,8.3
"Diaz, Yainer",673237,1049,0.905090595340811,809,72.546397312,0.23641563393708293,0.34487021013597036,0.2659675881792183,0.17181705809641531,0.1325071496663489,7.415760648,17,-8.052021699313618,240,0.22878932316491896,427,0.4070543374642517,All,Average,673237,486,8.9,35,111.4,90.2,101.3,94.6,87.5,455,147,394,231,47.5,37,7.6,6
"Díaz, Yandy",650490,902,0.9092741935483872,788,73.258058337,0.3436807095343679,0.36548223350253806,0.31929046563192903,0.21954314720812185,0.1917960088691796,7.516551718,2,-19.205324583167087,114,0.12638580931263857,414,0.458980044345898,All,Average,650490,472,5,28.4,117.4,92.2,103.4,94.8,92,440,135,395,230,48.7,36,7.6,5.8
"Donovan, Brendan",680977,899,0.9008016032064128,780,69.625466808,0.07230255839822027,0.40512820512820513,0.3515016685205784,0.13846153846153847,0.12013348164627365,6.890205973,14,-17.744265646449872,119,0.13236929922135707,453,0.5038932146829811,All,Poor,680977,511,13.2,36.6,108.7,88.7,98.6,92.1,87.2,422,165,385,192,37.6,28,5.5,4.3
"Doyle, Brenton",686668,917,0.9043392504930966,650,70.933178103,0.08069792802617233,0.34307692307692306,0.24318429661941113,0.1523076923076923,0.1079607415485278,7.36175072,20,-10.1669775525309,267,0.29116684841875684,339,0.3696837513631407,All,Average,686668,401,13.2,36.9,110.1,89.2,101,93.5,84.1,445,179,411,166,41.4,42,10.5,7
"Dubón, Mauricio",643289,752,0.903846153846154,620,69.399416902,0.06648936170212764,0.33225806451612905,0.27393617021276595,0.06774193548387097,0.05585106382978723,7.62454883,14,-18.87217197177685,132,0.17553191489361702,312,0.4148936170212766,All,Poor,643289,355,14.6,30.4,108.3,86.1,96,88.6,86.2,401,153,379,94,26.5,10,2.8,2.3
"Duran, Jarren",680776,1138,0.911128903122498,879,73.600897627,0.3620386643233744,0.3003412969283277,0.23198594024604569,0.17747440273037543,0.13708260105448156,7.557940193,21,8.237809810223785,259,0.22759226713532513,447,0.3927943760984183,All,Elite,680776,515,9.5,33.6,113.9,90.8,101.9,94.8,88.8,433,159,403,226,43.9,48,9.3,6.5
"Fraley, Jake",641584,661,0.9030054644808744,528,71.807234508,0.19969742813918315,0.25757575757575757,0.20574886535552195,0.07196969696969698,0.05748865355521936,7.076663011,1,-22.30302778582107,133,0.20121028744326777,251,0.37972768532526474,All,Average,641584,283,11.1,34.6,108.7,84.3,95.7,88.6,82.6,389,151,372,70,24.7,9,3.2,2.4
"France, Ty",664034,880,0.9053497942386832,680,71.0336115,0.14318181818181813,0.31176470588235294,0.2409090909090909,0.12058823529411763,0.0931818181818182,7.593700818,17,-30.617718982727105,200,0.2272727272727273,332,0.37727272727272726,All,Average,664034,370,12.9,30.5,111.1,88.7,99.7,93.8,86,427,161,399,148,40,27,7.3,5
"Freeman, Freddie",518692,1029,0.9002624671916011,838,69.769402993,0.10106899902818278,0.3329355608591885,0.27113702623906705,0.1276849642004773,0.10398445092322645,6.773679232,10,-15.05920252144374,191,0.18561710398445092,385,0.3741496598639456,All,Poor,518692,450,14.3,43.1,112.3,89.4,100.3,92.8,85.3,437,185,394,188,41.8,41,9.1,6.4
"Frelick, Sal",686217,707,0.9006369426751593,622,66.265573338,0.02545968882602547,0.36012861736334406,0.31683168316831684,0.05787781350482315,0.05091937765205092,6.931139618,10,-13.755962389727593,85,0.12022630834512024,338,0.4780763790664781,All,Poor,686217,400,9.7,29.5,106.6,83.4,94.4,86.1,82.9,400,134,373,78,19.5,3,0.8,0.6
"Fry, David",681807,643,0.9081920903954802,506,70.53802297,0.09331259720062209,0.2924901185770751,0.2301710730948678,0.12450592885375494,0.0979782270606532,7.77576465,17,-3.269103059369817,137,0.2130637636080871,225,0.3499222395023328,All,Average,681807,255,19.6,36.9,108.5,88.3,99.1,90.3,87.8,424,183,390,96,37.6,19,7.5,4.8
"García Jr., Luis",671277,810,0.9020044543429844,644,71.655339605,0.22716049382716047,0.35248447204968947,0.2802469135802469,0.16149068322981366,0.12839506172839507,7.287475963,10,-5.2822606403379675,166,0.20493827160493827,354,0.43703703703703706,All,Average,671277,415,8.2,32.8,110.7,89.1,100.2,93.2,85.7,438,158,399,173,41.7,33,8,6.3
"García, Adolis",666969,1106,0.9013854930725348,749,71.950524412,0.22965641952983729,0.33377837116154874,0.22603978300180833,0.16421895861148195,0.1112115732368897,7.856444186,14,-38.77559436279123,357,0.3227848101265823,359,0.32459312839059673,All,Average,666969,409,15,33.7,116.1,91,101.8,95.5,87.5,428,178,391,197,48.2,51,12.5,8
"Garcia, Maikel",672580,848,0.9030883919062832,736,70.761560318,0.10849056603773584,0.40896739130434784,0.35495283018867924,0.15896739130434784,0.13797169811320756,7.150218502,12,-35.92334775844249,112,0.1320754716981132,422,0.49764150943396224,All,Average,672580,481,6.4,33.9,108.6,90.4,100.1,92.4,89.5,423,147,401,206,42.8,18,3.7,2.9
"Gelof, Zack",680869,896,0.9041372351160444,583,71.624308638,0.11718750000000004,0.30360205831903947,0.19754464285714285,0.12006861063464835,0.078125,7.32726442,23,-27.92450371064264,313,0.34933035714285715,285,0.31808035714285715,All,Average,680869,317,14.2,34.4,109.1,89.2,99,93.1,85.5,436,163,406,118,37.2,28,8.8,5.1
"Giménez, Andrés",665926,1098,0.900738310090238,841,68.263724381,0.06921675774134792,0.31747919143876335,0.24316939890710385,0.07728894173602854,0.05919854280510018,7.007848725,12,-46.142900770652304,257,0.23406193078324225,395,0.35974499089253187,All,Poor,665926,495,8.7,32.7,109.6,86.3,96.5,89.6,84.6,413,140,394,141,28.5,14,2.8,2.2
"Goldschmidt, Paul",502671,1111,0.909165302782324,824,72.484165446,0.24302430243024312,0.33495145631067963,0.24842484248424845,0.1796116504854369,0.1332133213321332,7.750873987,10,-10.890342368230504,287,0.2583258325832583,388,0.34923492349234925,All,Average,502671,428,13.1,34.3,111.4,91.2,101.9,96.5,86.5,457,175,401,212,49.6,46,10.7,7
"Gonzales, Nick",693304,673,0.9021447721179624,522,71.074206048,0.1292719167904904,0.3275862068965517,0.2540861812778603,0.13984674329501914,0.10846953937592868,7.267537637,16,-13.881071298952351,151,0.22436849925705796,269,0.399702823179792,All,Average,693304,290,13,34.1,110.4,87.9,98.8,91.3,84.9,429,166,389,107,36.9,23,7.9,5.9
"Gorman, Nolan",669357,631,0.9001426533523538,418,73.215730111,0.30269413629160075,0.2607655502392344,0.17274167987321712,0.14114832535885166,0.09350237717908082,7.525039414,15,-12.369037512118664,213,0.3375594294770206,188,0.2979397781299525,All,Average,669357,216,20.3,40.3,111,88.5,100.7,93.7,80.2,436,201,399,83,38.6,36,16.7,9
"Greene, Riley",682985,890,0.9072375127420998,661,74.679756034,0.4573033707865166,0.3071104387291982,0.22808988764044943,0.16944024205748864,0.1258426966292135,7.198148764,7,-6.864409159435096,229,0.2573033707865168,308,0.34606741573033706,All,Elite,682985,358,12.2,39.1,114,91.3,102.1,95.3,86.7,427,177,391,168,47.1,48,13.4,8.2
"Guerrero Jr., Vladimir",665489,1046,0.9095652173913044,840,75.877687505,0.5745697896749522,0.34523809523809523,0.27724665391969405,0.24166666666666667,0.19407265774378585,7.739410296,9,24.31774832115275,206,0.19694072657743783,443,0.4235181644359465,All,Elite,665489,524,7.4,35.1,117.6,93.8,105.7,97.1,91.6,471,162,412,287,54.9,72,13.7,10.3
"Gurriel Jr., Lourdes",666971,888,0.902439024390244,724,70.566873773,0.0945945945945946,0.3149171270718232,0.25675675675675674,0.13397790055248618,0.10923423423423424,7.479768941,12,-6.931304179509879,164,0.18468468468468469,359,0.40427927927927926,All,Average,666971,417,15.7,33.8,110.6,88.4,99.5,92,86.3,431,175,395,167,40,28,6.7,5.1
"Haniger, Mitch",571745,644,0.9006993006993007,448,72.875906165,0.2608695652173913,0.3482142857142857,0.2422360248447205,0.16517857142857142,0.11490683229813664,7.097615807,22,-25.712273425628315,196,0.30434782608695654,231,0.358695652173913,All,Average,571745,255,13.7,31,112,90.6,101,94.1,87.5,422,164,391,117,45.9,23,9,5.4
"Happ, Ian",664023,1071,0.9060913705583756,783,72.353144332,0.23716153127917827,0.31800766283524906,0.23249299719887956,0.1507024265644955,0.11017740429505136,6.958679944,18,-26.36051358114556,288,0.2689075630252101,357,0.3333333333333333,All,Average,664023,403,15.1,37,114,90.8,101.6,94.6,88.5,442,182,397,182,45.2,47,11.7,7.2
"Harper, Bryce",547180,1094,0.9056291390728476,822,74.035775174,0.41042047531992687,0.2798053527980535,0.2102376599634369,0.17396593673965938,0.13071297989031078,7.28843511,13,-6.093196820589005,272,0.24862888482632545,358,0.3272394881170018,All,Elite,547180,415,13.5,36.1,113.8,91.1,102.5,95.1,86.3,428,185,392,200,48.2,44,10.6,7
"Harris II, Michael",671739,761,0.905952380952381,584,74.719573377,0.4796320630749014,0.3065068493150685,0.2352168199737188,0.1952054794520548,0.1498028909329829,8.060931905,11,-8.522069049777944,177,0.2325886990801577,300,0.3942181340341656,All,Elite,671739,349,7.5,33.5,114.7,90.5,103.3,95.3,88.3,426,150,406,164,47,35,10,7.4
"Heim, Jonah",641680,804,0.903370786516854,644,70.2480975,0.09701492537313432,0.34627329192546585,0.277363184079602,0.11180124223602483,0.08955223880597014,7.42537908,9,-41.12349257184158,160,0.19900497512437812,317,0.39427860696517414,All,Poor,641680,371,14.5,29.9,109.8,88.5,98.5,92.1,86.4,411,162,386,135,36.4,22,5.9,4.5
"Henderson, Gunnar",683002,1109,0.9038304808475958,868,76.28623982,0.6447249774571687,0.3225806451612903,0.25247971145175835,0.22811059907834105,0.17853922452660054,7.233485852,20,-5.457286326779032,241,0.21731289449954913,429,0.38683498647430115,All,Elite,683002,475,9.2,34.5,113.1,92.8,104,96.1,90.8,430,163,399,256,53.9,53,11.2,7.4
"Hernández, Enrique",571771,623,0.9108187134502924,486,71.657316244,0.1942215088282504,0.3395061728395062,0.26484751203852325,0.11522633744855967,0.0898876404494382,7.370935586,6,-14.144014769884262,137,0.21990369181380415,250,0.4012841091492777,All,Average,571771,289,17.1,35.6,112.7,89.6,99.3,92.7,87.3,431,179,400,120,41.5,14,4.8,3.6
"Hernández, Teoscar",606192,1106,0.9050736497545008,744,73.234489584,0.31735985533453875,0.2956989247311828,0.19891500904159132,0.1854838709677419,0.1247739602169982,7.76168585,29,-2.5959356444012434,362,0.32730560578661844,349,0.3155515370705244,All,Average,606192,402,10.3,33.8,114.1,90.6,102.7,96.7,85.5,445,169,400,188,46.8,60,14.9,9.2
"Hoerner, Nico",663538,950,0.9021842355175688,851,68.216665105,0.02842105263157894,0.3537015276145711,0.31684210526315787,0.07168037602820211,0.06421052631578947,7.132460295,11,-15.844731772975436,99,0.10421052631578948,453,0.4768421052631579,All,Poor,663538,519,10.4,36,110.1,85.7,96,87.4,85.7,400,150,368,143,27.6,6,1.2,0.9
"Horwitz, Spencer",687462,629,0.9011461318051576,514,69.496512973,0.09538950715421302,0.3346303501945525,0.27344992050874406,0.11089494163424124,0.09062003179650238,6.998690397,10,-8.584040137465028,115,0.18282988871224165,234,0.3720190779014309,All,Poor,687462,262,13.7,37.4,108.1,88.2,98.2,92.1,85.6,421,167,396,96,36.6,21,8,5.5
"Hoskins, Rhys",656555,806,0.8995535714285714,616,71.196764615,0.13027295285359808,0.3003246753246753,0.22952853598014888,0.12175324675324677,0.09305210918114144,8.101506811,23,-13.234714053132864,190,0.23573200992555832,261,0.3238213399503722,All,Average,656555,306,20.8,29.7,109.6,88.7,99.7,94.4,82.6,423,189,395,129,42.2,39,12.7,7.5
"India, Jonathan",663697,830,0.9041394335511984,683,71.674284398,0.22168674698795185,0.3074670571010249,0.25301204819277107,0.12445095168374816,0.10240963855421686,7.168758614,25,-19.202366170104423,147,0.17710843373493976,341,0.4108433734939759,All,Average,663697,417,13.5,39.1,110.8,87.2,98.9,91.4,84.8,436,164,395,152,36.5,32,7.7,5
"Isbel, Kyle",664728,608,0.9074626865671642,495,70.75388727,0.11019736842105264,0.3373737373737374,0.2746710526315789,0.13131313131313133,0.1069078947368421,7.148897023,5,-15.935662972469643,113,0.18585526315789477,259,0.4259868421052632,All,Average,664728,306,9,24.8,109.6,88.1,99.4,91.7,87.2,412,137,397,111,36.3,12,3.9,2.8
"Jeffers, Ryan",680777,751,0.9004796163069544,592,72.880538256,0.34087882822902793,0.27364864864864863,0.21571238348868177,0.13344594594594594,0.1051930758988016,7.466496245,23,-3.0181260845526205,159,0.21171770972037285,297,0.3954727030625832,All,Average,680777,325,16.2,31.7,113.9,86.9,99,92.2,83.5,416,171,388,110,33.8,27,8.3,5.8
"Judge, Aaron",592450,1010,0.912375790424571,721,77.146849535,0.7475247524752476,0.33841886269070737,0.2415841584158416,0.2579750346740638,0.18415841584158416,8.178267574,14,52.21014842331199,289,0.2861386138613861,343,0.33960396039603963,All,Elite,592450,390,19,40.8,117.5,96.2,107.2,99.9,89.6,477,219,409,238,61,105,26.9,14.9
"Keith, Colt",690993,838,0.9010752688172043,656,71.287968532,0.14319809069212408,0.35365853658536583,0.27684964200477324,0.12957317073170732,0.10143198090692124,6.664368413,14,-11.574598604710156,182,0.2171837708830549,363,0.4331742243436754,All,Average,690993,408,11.3,34.6,109.4,87.8,98.5,91,85.2,426,162,395,144,35.3,23,5.6,4.1
"Kelenic, Jarred",672284,729,0.9033457249070632,492,72.685177586,0.24828532235939657,0.3475609756097561,0.2345679012345679,0.16463414634146342,0.1111111111111111,7.3112531,18,-17.705968770044038,237,0.32510288065843623,244,0.3347050754458162,All,Average,672284,283,16,38.2,110.7,89.8,100.3,93.7,85.6,427,190,394,128,45.2,28,9.9,6.2
"Kepler, Max",596146,675,0.9012016021361816,526,71.365470667,0.1940740740740741,0.3288973384030418,0.2562962962962963,0.13688212927756654,0.10666666666666667,7.449934385,15,-22.467353535266643,149,0.2207407407407407,263,0.3896296296296296,All,Average,596146,291,16.8,35.4,115.4,88.9,99.6,92.3,85.7,426,185,406,107,36.8,18,6.2,4.5
"Kiner-Falefa, Isiah",643396,649,0.9001386962552012,557,67.024680971,0.02157164869029276,0.40933572710951527,0.35130970724191063,0.10053859964093358,0.08628659476117104,6.822551125,11,-10.862687283904508,92,0.14175654853620956,330,0.5084745762711864,All,Poor,643396,392,9.1,31.6,107.9,86.1,96.7,89.7,84.5,406,147,382,116,29.7,9,2.3,1.8
"Kwan, Steven",680757,673,0.9094594594594596,623,64.427730594,0.00445765230312035,0.4173354735152488,0.3863298662704309,0.06260032102728733,0.05794947994056464,6.451500728,6,-7.513640171150014,50,0.07429420505200594,344,0.5111441307578009,All,Poor,680757,431,14.9,38.1,105.6,86.3,95,88.2,84.8,424,172,382,102,23.7,11,2.6,2
"Langeliers, Shea",669127,853,0.915236051502146,621,74.136804091,0.4196951934349355,0.3252818035426731,0.23681125439624853,0.17713365539452497,0.12895662368112543,7.27794612,7,-6.486617166830778,232,0.2719812426729191,311,0.3645955451348183,All,Elite,669127,343,16.3,35.3,113.7,91.3,102.1,95.4,88.3,454,178,404,151,44,44,12.8,8.2
"Langford, Wyatt",694671,819,0.9029768467475192,630,74.493879035,0.4822954822954822,0.31746031746031744,0.2442002442002442,0.18412698412698417,0.14163614163614163,7.006870635,8,-14.795624118131688,189,0.2307692307692308,340,0.4151404151404152,All,Elite,694671,387,16.6,31.3,111.9,89.6,101.2,92.9,87.9,415,170,395,168,43.4,36,9.3,6.5
"Lee, Korey",686676,733,0.903822441430333,471,71.422844625,0.14051841746248295,0.30148619957537154,0.1937244201909959,0.14225053078556263,0.09140518417462484,7.208018595,16,-23.93968175384037,262,0.35743519781718963,231,0.3151432469304229,All,Average,686676,255,9.6,34.1,110,88.3,99.5,92.1,86,436,153,403,96,37.6,19,7.5,4.8
"Lindor, Francisco",596019,1116,0.9102773246329527,857,72.428487966,0.23566308243727596,0.3733955659276546,0.2867383512544803,0.1820303383897316,0.13978494623655913,7.565374659,13,-6.78646834606963,259,0.23207885304659495,439,0.39336917562724016,All,Average,596019,494,17,35.4,112.7,90.9,101.1,95.1,85.4,432,188,397,234,47.4,67,13.6,9.7
"Lopez, Nicky",670032,640,0.90014064697609,522,64.152404,0.0046875,0.39655172413793105,0.3234375,0.03065134099616858,0.025,6.707619188,16,-29.315953708181468,118,0.184375,274,0.428125,All,Poor,670032,337,5.6,30,106.5,85,94.1,89.1,83.3,397,124,383,57,16.9,5,1.5,1.1
"Lopez, Otto",672640,686,0.9002624671916011,544,70.675824359,0.13994169096209913,0.3786764705882353,0.30029154518950435,0.14154411764705882,0.11224489795918367,6.560187172,19,-5.700547604388936,142,0.20699708454810495,298,0.434402332361516,All,Average,672640,332,5.4,30.4,108.8,88,99.5,93.1,84.6,427,133,404,129,38.9,17,5.1,3.9
"Lowe, Brandon",664040,770,0.9005847953216374,545,73.428831078,0.3597402597402598,0.30825688073394497,0.21818181818181817,0.1724770642201835,0.12207792207792208,7.122046818,27,-6.537779490691252,225,0.2922077922077922,254,0.32987012987012987,All,Elite,664040,275,14.5,39.6,111,89.8,101.3,94.1,84.3,444,187,401,123,44.7,34,12.4,8
"Lowe, Josh",666139,765,0.9053254437869822,522,73.29749417,0.3267973856209151,0.28160919540229884,0.19215686274509805,0.13409961685823754,0.0915032679738562,7.15005617,9,-10.982839155087545,243,0.3176470588235294,214,0.2797385620915033,All,Average,666139,232,16.9,37.9,109.3,90.8,100.9,94.3,87.9,437,186,391,107,46.1,24,10.3,6.2
"Lowe, Nathaniel",663993,903,0.905717151454363,736,73.312846667,0.2934662236987818,0.2826086956521739,0.23034330011074197,0.15217391304347827,0.12403100775193798,7.269485692,23,-14.399009782089236,167,0.1849390919158361,348,0.3853820598006645,All,Elite,663993,365,7.7,32.6,111.8,88.9,100.4,92.7,86,441,151,394,146,40,21,5.8,3.7
"Lux, Gavin",666158,733,0.9060568603213844,577,71.236619495,0.15552523874488405,0.32582322357019067,0.25648021828103684,0.1386481802426343,0.10914051841746247,7.256899618,18,-13.462451478471252,156,0.21282401091405184,289,0.3942701227830832,All,Average,666158,331,9.1,35,108.7,88.3,99,92.3,86,413,153,385,136,41.1,20,6,4.1
"Machado, Manny",592518,1033,0.9053461875547764,811,75.219474579,0.5256534365924491,0.3193588162762022,0.25072604065827686,0.20838471023427868,0.16360116166505323,7.775955276,23,-6.1919181054774075,222,0.2149080348499516,419,0.40561471442400776,All,Elite,592518,473,12.7,33.8,115.6,92.5,103.4,95.7,91.3,438,167,402,231,48.8,52,11,8.1
"Marsh, Brandon",669016,700,0.9032258064516128,522,71.857754657,0.1485714285714286,0.3333333333333333,0.24857142857142855,0.15134099616858238,0.11285714285714284,7.200098443,4,-5.004955133299119,178,0.2542857142857143,243,0.34714285714285714,All,Average,669016,270,13.8,40.7,110.1,91.6,101.1,95.4,87.4,409,184,389,128,47.4,27,10,5.7
"Marte, Ketel",606466,850,0.9100642398286938,679,73.683026329,0.4058823529411765,0.38144329896907214,0.30470588235294116,0.203240058910162,0.1623529411764706,7.637226482,6,-2.3767792895553868,171,0.2011764705882353,347,0.4082352941176471,All,Elite,606466,407,9.4,33.7,117,94,104,96.7,93.5,461,166,410,219,53.8,50,12.3,8.6
"Marte, Starling",516782,577,0.9086614173228348,412,72.355358873,0.25476603119584057,0.33980582524271846,0.2426343154246101,0.17718446601941748,0.1265164644714038,7.28494851,11,-11.918029634772443,165,0.28596187175043325,218,0.3778162911611785,All,Average,516782,259,4.3,36.7,110.9,89.8,101.2,94.4,86.2,434,137,402,111,42.9,18,6.9,4.9
"Martinez, J.D.",502110,842,0.90053475935828875,592,72.944651686,0.2850356294536817,0.28378378378378377,0.1995249406175772,0.14020270270270271,0.0985748218527316,8.414047387,29,-19.37092033983151,250,0.29691211401425177,254,0.3016627078384798,All,Average,502110,295,14.4,39.3,110.8,91,101.4,94.6,87.4,430,186,402,136,46.1,44,14.9,8.9
"Massey, Michael",686681,611,0.9011799410029498,515,70.874809542,0.08837970540098201,0.3592233009708738,0.3027823240589198,0.1203883495145631,0.10147299509001637,7.174158592,6,-5.8262221956696605,96,0.15711947626841244,268,0.4386252045826514,All,Average,686681,282,16.8,34.4,110,89.2,98.4,92.8,85.4,434,180,392,104,36.9,20,7.1,5.6
"McCarthy, Jake",664983,720,0.9,601,67.344801611,0.03055555555555556,0.3178036605657238,0.2652777777777778,0.06821963394342762,0.05694444444444444,6.718087556,12,-14.79940299589873,119,0.16527777777777777,308,0.42777777777777776,All,Poor,664983,372,9.1,30.4,106.6,84.5,95.6,89.1,81.3,420,134,390,91,24.5,10,2.7,2
"McCutchen, Andrew",457705,768,0.9024676850763808,570,72.73770125,0.25260416666666674,0.312280701754386,0.23177083333333337,0.14912280701754385,0.11067708333333331,7.604203438,11,-11.451793316991814,198,0.2578125,291,0.37890625,All,Average,457705,317,14.3,31.9,109.8,88.5,99.4,93.9,84.1,448,174,400,117,36.9,38,12,7.4
"McMahon, Ryan",641857,1069,0.9043993231810492,763,72.514073181,0.26286248830682873,0.3132372214941022,0.2235734331150608,0.16382699868938402,0.11693171188026193,7.206047343,28,-27.358012675041618,306,0.2862488306828812,334,0.3124415341440599,All,Average,641857,386,10,36.5,113,92.1,102.6,95.5,89,462,167,407,192,49.7,42,10.9,6.5
"McNeil, Jeff",643446,802,0.9051918735891648,684,68.801503878,0.05361596009975063,0.32456140350877194,0.27680798004987534,0.0804093567251462,0.0685785536159601,7.2238249,23,-16.778436486455867,118,0.14713216957605985,318,0.39650872817955113,All,Poor,643446,360,14.9,32.2,107.7,87,96.9,89.3,85.9,402,167,378,112,31.1,11,3.1,2.3
"Melendez, MJ",669004,845,0.9095801937567276,603,72.792025846,0.3266272189349114,0.296849087893864,0.2118343195266272,0.15091210613598674,0.1076923076923077,7.662310651,14,-33.10055579257815,242,0.2863905325443787,265,0.3136094674556213,All,Average,669004,299,14.6,29.1,112.9,91.1,101.5,95.3,89,431,169,398,135,45.2,25,8.4,5.5
"Merrill, Jackson",701538,1034,0.904636920384952,841,72.182788066,0.21566731141199225,0.3055885850178359,0.24854932301740812,0.15101070154577884,0.12282398452611218,7.527392515,27,1.4709428247835836,193,0.1866537717601547,384,0.3713733075435203,All,Average,701538,462,14.6,39.4,111.6,90.4,100.8,93.5,86.9,442,190,399,203,43.9,52,11.3,8.8
"Meyers, Jake",676694,713,0.9013906447534766,538,68.622236858,0.07854137447405331,0.3159851301115242,0.23842917251051893,0.10594795539033457,0.07994389901823282,7.002006466,30,-28.538627817894877,175,0.24544179523141657,274,0.3842917251051894,All,Poor,676694,351,14.4,34.8,110,88.2,99.3,91.9,85.2,415,165,375,130,37,24,6.8,4.7
"Miranda, Jose",669304,692,0.9057591623036648,559,71.014435361,0.15606936416184963,0.3595706618962433,0.2904624277456647,0.13416815742397137,0.1083815028901734,7.582550882,25,-11.728781140259798,133,0.19219653179190752,298,0.430635838150289,All,Average,669304,339,15.5,33.9,110.7,88.9,99.4,92.3,87.4,437,173,405,132,38.9,20,5.9,4.7
"Moniak, Mickey",666160,752,0.9060240963855422,539,73.145357926,0.2859042553191492,0.2820037105751391,0.20212765957446807,0.12987012987012986,0.09308510638297872,7.685752686,10,-15.770385664966003,213,0.28324468085106386,256,0.3404255319148936,All,Average,666160,279,19.8,31.5,112.8,88.1,99.5,93.3,83.4,437,172,406,96,34.4,26,9.3,6.2
"Moore, Dylan",664238,658,0.9026063100137174,508,73.045319894,0.27811550151975684,0.26968503937007876,0.20820668693009117,0.10826771653543309,0.08358662613981763,7.119954529,16,-22.330650114662134,150,0.2279635258358663,228,0.3465045592705167,All,Average,664238,251,22.6,38.2,109.1,88.4,98.8,91.7,85.4,429,192,389,91,36.3,22,8.8,5
"Morel, Christopher",666624,956,0.9053030303030304,636,76.088461255,0.6474895397489541,0.3018867924528302,0.200836820083682,0.1761006289308176,0.11715481171548116,8.016552824,24,-34.15906354010997,320,0.33472803347280333,333,0.348326359832636,All,Elite,666624,381,14.2,27.6,111.4,89.2,101.2,94.6,87.1,446,153,404,154,40.4,39,10.2,6.4
"Mountcastle, Ryan",663624,896,0.9087221095334684,690,75.092982121,0.5055803571428571,0.2753623188405797,0.21205357142857145,0.1608695652173913,0.12388392857142858,7.482878438,14,-10.038172039656317,206,0.22991071428571427,317,0.35379464285714285,All,Elite,663624,365,10.4,36.2,113.5,90.8,102.1,93.7,88.8,443,167,398,165,45.2,32,8.8,6.3
"Mullins, Cedric",656775,820,0.9040793825799338,682,70.958750232,0.07560975609756099,0.2844574780058651,0.23658536585365852,0.10117302052785924,0.08414634146341464,7.503361768,4,-15.626753024998994,138,0.16829268292682928,305,0.3719512195121951,All,Average,656775,350,21.5,31.4,106.4,87.1,97.8,90.7,86,430,172,384,117,33.4,17,4.9,3.4
"Naylor, Bo",666310,653,0.9019337016574586,481,70.593983874,0.0980091883614089,0.31392931392931395,0.23124042879019907,0.12474012474012476,0.09188361408882084,7.419510781,20,-24.303422959958738,172,0.26339969372128635,214,0.327718223583461,All,Average,666310,236,19.9,32.6,109,88.8,98.7,93.3,84.9,435,179,391,89,37.7,19,8.1,4.9
"Naylor, Josh",647304,984,0.9035812672176308,788,72.882070254,0.32723577235772366,0.3413705583756345,0.2733739837398374,0.15862944162436549,0.12703252032520326,7.636446758,11,-12.508264607879577,196,0.1991869918699187,410,0.4166666666666667,All,Average,647304,462,11.1,30.1,110.9,89.9,100.8,94.3,87.5,445,158,399,189,40.9,39,8.4,6.2
"Neto, Zach",687263,921,0.9029411764705882,692,70.975951607,0.1465798045602606,0.33815028901734107,0.254071661237785,0.13872832369942195,0.10423452768729642,7.108802226,37,-16.13792187066708,229,0.248642779587405,346,0.3756786102062975,All,Average,687263,407,12.3,29,111.3,88.5,100.1,94.2,83.9,428,163,398,158,38.8,34,8.4,5.6
"Nimmo, Brandon",607043,1047,0.9112271540469974,820,73.268079542,0.3486150907354345,0.3097560975609756,0.2425978987583572,0.1548780487804878,0.1212989493791786,7.293659799,15,-23.030731045481488,227,0.21680993314231137,376,0.35912129894937916,All,Average,607043,416,11.2,33.7,111.5,91.9,101.3,94.5,90.5,440,172,399,197,47.4,38,9.1,5.7
"O'Hearn, Ryan",656811,785,0.9127906976744186,658,72.374679478,0.24331210191082803,0.3373860182370821,0.28280254777070063,0.14893617021276595,0.1248407643312102,7.138562127,6,-10.344493782457691,127,0.16178343949044585,344,0.43821656050955415,All,Average,656811,377,12,35,108.8,89.6,99.7,93.3,86.7,435,171,392,151,40.1,26,6.9,5.3
"O'Hoppe, Logan",681351,855,0.9,589,70.67989455,0.17426900584795318,0.3293718166383701,0.22690058479532163,0.1460101867572156,0.10058479532163744,7.304247626,41,-21.25842303244899,266,0.3111111111111111,278,0.32514619883040935,All,Average,681351,326,15.3,42.9,111.6,90.4,101.2,95.4,84.5,467,183,410,151,46.3,39,12,7.5
"O'Neill, Tyler",641933,733,0.9060568603213844,481,75.223714843,0.5184174624829468,0.28274428274428276,0.1855388813096862,0.18087318087318088,0.11869031377899043,7.594253929,11,3.3526984448875723,252,0.34379263301500684,209,0.28512960436562074,All,Elite,641933,254,20.2,34.6,113.1,90.9,102.8,96.5,84.3,465,189,403,124,48.8,44,17.3,9.3
"Ohtani, Shohei",660271,1129,0.9068273092369478,803,76.29870178,0.6395039858281667,0.386052303860523,0.2745792736935341,0.2577833125778331,0.183348095659876,7.740923516,10,35.1035360765334,326,0.2887511071744907,420,0.3720106288751107,All,Elite,660271,479,16.2,37.8,119.2,95.8,106.7,99.7,91.4,476,199,415,288,60.1,103,21.5,14.1
"Olson, Matt",621566,1239,0.9103600293901544,913,73.798156554,0.38740920096852294,0.26506024096385544,0.19531880548829705,0.1511500547645126,0.11138014527845036,7.347558337,11,-22.319401200320403,326,0.26311541565778856,373,0.30104923325262306,All,Elite,621566,435,16.1,35.4,113.9,91.5,102.7,95.4,87.3,450,188,403,206,47.4,54,12.4,7.9
"Ortiz, Joey",687401,722,0.907035175879397,614,73.431140609,0.3518005540166205,0.2703583061889251,0.2299168975069252,0.1270358306188925,0.10803324099722993,7.528177784,8,-7.505803960129518,108,0.14958448753462605,311,0.4307479224376731,All,Elite,687401,346,9.9,26.3,111.5,87.8,99.4,91.4,87.2,425,146,395,133,38.4,16,4.6,3.1
"Ozuna, Marcell",542303,1125,0.9065269943593876,773,74.020913956,0.4248888888888891,0.3389391979301423,0.2328888888888889,0.20310478654592495,0.13955555555555554,7.397909316,4,7.000651954727589,352,0.3128888888888889,377,0.33511111111111114,All,Elite,542303,440,14.4,40.5,114.8,92.1,103.3,97.1,85.4,448,196,412,235,53.4,68,15.5,9.9
"Pages, Andy",681624,764,0.9030732860520094,573,73.067130903,0.2774869109947644,0.28097731239092494,0.2107329842931937,0.14136125654450263,0.10602094240837696,7.730661453,11,-17.877650100368413,191,0.25,266,0.3481675392670157,All,Average,681624,299,20.8,40.8,112,88.6,100.3,92.1,85.6,433,191,399,120,40.1,32,10.7,7.2
"Paredes, Isaac",670623,1069,0.8998316498316499,897,68.202566969,0.04770813844714689,0.2887402452619844,0.2422825070159027,0.06465997770345597,0.05425631431244153,7.997963976,13,-24.77040807324909,172,0.1608980355472404,381,0.35640785781103834,All,Poor,670623,443,22.4,37,107.3,85,95.9,89.4,79.5,415,179,375,120,27.1,20,4.5,3.1
"Pasquantino, Vinnie",686469,872,0.9121338912133892,754,71.714453578,0.198394495412844,0.3713527851458886,0.3211009174311927,0.16312997347480107,0.14105504587155962,7.400608096,10,-6.037720749129688,118,0.1353211009174312,391,0.448394495412844,All,Average,686469,439,14.6,31.9,112.2,91,101,93.7,90.8,442,175,397,204,46.5,31,7.1,5.6
"Pederson, Joc",592626,662,0.9006802721088435,508,73.373093776,0.3716012084592145,0.28937007874015747,0.22205438066465255,0.1594488188976378,0.12235649546827794,7.693515378,10,1.665983601611056,154,0.2326283987915408,223,0.3368580060422961,All,Elite,592626,266,16.9,34.2,114.1,92.3,102.6,96.3,89.3,453,177,412,123,46.2,34,12.8,7.6
"Peña, Jeremy",665161,1028,0.9089301503094608,776,72.620449883,0.2247081712062257,0.33762886597938147,0.25486381322957197,0.14948453608247422,0.11284046692607004,7.635290282,13,-23.10156472673898,252,0.245136186770428,435,0.42315175097276264,All,Average,665161,500,7.5,28.8,109.5,88.2,99.3,91.3,86.3,418,144,399,194,38.8,27,5.4,4.2
"Perez, Salvador",521692,1143,0.9049881235154394,848,73.219718478,0.3333333333333332,0.33608490566037735,0.2493438320209974,0.17570754716981132,0.13035870516185477,7.930436465,15,-11.386407579137224,295,0.25809273840769903,420,0.3674540682414698,All,Average,521692,467,19,39.4,113.3,91.1,101.9,95.1,86.7,457,196,420,209,44.8,57,12.2,8.7
"Pérez, Wenceel",672761,695,0.9025974025974026,554,70.212335468,0.09208633093525176,0.3194945848375451,0.25467625899280577,0.09025270758122744,0.07194244604316546,6.853798532,4,-14.906082189818582,141,0.20287769784172663,256,0.3683453237410072,All,Poor,672761,300,18,37.7,109.1,88.4,97.3,91.1,86.6,411,174,385,91,30.6,13,4.3,3.1
"Perkins, Blake",663368,622,0.9093567251461988,450,69.427623842,0.03215434083601285,0.42444444444444446,0.3070739549839228,0.12666666666666668,0.09163987138263666,7.302026158,13,-18.710509710034252,172,0.2765273311897106,247,0.3971061093247588,All,Poor,663368,281,12,31.3,106.8,88.8,97.8,92,86.6,406,154,387,106,37.7,11,3.9,2.5
"Pham, Tommy",502054,694,0.910761154855643,552,72.631410072,0.21757925072046105,0.3677536231884058,0.29250720461095103,0.1793478260869565,0.1426512968299712,6.876284524,14,-10.365531568548048,142,0.20461095100864551,307,0.4423631123919308,All,Average,502054,335,11,32.2,112.9,90.4,101.1,94,88.3,441,158,399,143,42.7,24,7.2,5
"Polanco, Jorge",593871,726,0.9029850746268656,533,69.740983581,0.07851239669421486,0.31894934333958724,0.23415977961432508,0.1200750469043152,0.0881542699724518,7.193933526,17,-21.64309617948398,192,0.2644628099173554,238,0.3278236914600551,All,Poor,593871,281,17.8,35.6,110.7,88.3,99.2,92.3,82.1,426,183,395,105,37.4,25,8.9,5.3
"Profar, Jurickson",595777,974,0.9035250463821892,815,71.684922772,0.22689938398357287,0.3239263803680982,0.27104722792607805,0.12883435582822086,0.10780287474332648,7.345409045,12,-18.98904300856716,159,0.16324435318275154,364,0.3737166324435318,All,Average,595777,473,13.4,31.3,110.3,91.1,101,93.1,91,431,164,386,210,44.4,34,7.2,5.1
"Rafaela, Ceddanne",678882,1080,0.903010033444816,742,70.066287333,0.0675925925925926,0.3045822102425876,0.20925925925925928,0.11455525606469004,0.0787037037037037,7.461803306,24,-13.811903685330492,338,0.31296296296296294,341,0.31574074074074077,All,Poor,678882,398,14.9,34.9,108.2,86.6,98.2,91.5,83,420,157,392,147,36.9,30,7.5,5.3
"Raleigh, Cal",663728,1112,0.9040650406504064,790,74.517157104,0.4514388489208633,0.2848101265822785,0.20233812949640287,0.15949367088607594,0.1133093525179856,7.76837411,15,-17.901391811906166,322,0.289568345323741,339,0.30485611510791366,All,Elite,663728,376,21.2,35.6,113.9,91,102,95.3,86.1,445,195,397,181,48.1,58,15.4,9.2
"Raley, Luke",670042,752,0.9005988023952096,512,74.970934029,0.5079787234042555,0.26953125,0.18351063829787231,0.16796875,0.11436170212765956,7.24988891,16,-4.070624453129955,240,0.3191489361702128,236,0.31382978723404253,All,Elite,670042,273,13.5,30.4,115.4,90.1,101.7,95.1,86.3,459,160,394,114,41.8,30,11,6.6
"Ramírez, José",608070,1135,0.9007936507936508,991,71.544374537,0.18854625550660792,0.32593340060544906,0.2845814977973568,0.14228052472250252,0.12422907488986784,7.269964687,17,4.154530122294279,144,0.12687224669603525,485,0.42731277533039647,All,Average,608070,544,19.6,34,116.6,89.2,99.6,93,87.5,451,184,389,216,39.7,47,8.6,6.9
"Ramos, Heliot",671218,873,0.9074844074844076,654,75.240581191,0.5521191294387171,0.2981651376146789,0.22336769759450173,0.1834862385321101,0.13745704467353953,6.936671443,28,-7.195479386261881,219,0.2508591065292096,319,0.3654066437571592,All,Elite,671218,344,10.4,34.3,111.8,91.5,102.6,96.1,87.2,448,169,410,163,47.5,50,14.5,9.7
"Realmuto, J.T.",592663,650,0.9103641456582632,493,73.181228738,0.35692307692307684,0.2961460446247465,0.2246153846153846,0.16835699797160245,0.1276923076923077,7.645098246,8,-4.868276130599833,157,0.2415384615384615,238,0.36615384615384616,All,Average,592663,279,9.4,36.9,109.7,89.2,101.2,94.8,84.2,430,163,401,130,46.6,29,10.4,7
"Renfroe, Hunter",592669,631,0.9131693198263386,496,75.240395055,0.5277337559429476,0.29838709677419356,0.23454833597464345,0.15725806451612903,0.1236133122028526,7.617267861,8,-9.598136218927518,135,0.213946117274168,275,0.4358161648177496,All,Elite,592669,302,16.7,27.8,112,88.5,100.3,92.3,86.2,434,164,398,119,39.4,20,6.6,4.7
"Reynolds, Bryan",668804,1094,0.9018961253091508,798,71.551143931,0.17093235831809878,0.3659147869674185,0.26691042047531993,0.17418546365914786,0.12705667276051189,6.843877258,31,-9.84535388353529,296,0.27056672760511885,413,0.3775137111517368,All,Average,668804,469,9.4,37.5,111.6,89.9,101,94.5,84.9,440,167,406,213,45.4,45,9.6,6.5
"Riley, Austin",663586,754,0.908433734939759,563,75.230383329,0.5358090185676394,0.3268206039076377,0.2440318302387268,0.2024866785079929,0.15119363395225463,7.509214257,24,-4.832057806011309,191,0.253315649867374,264,0.35013262599469497,All,Elite,663586,309,15.9,37.2,114.7,93.3,103.8,96.6,89.6,449,194,414,165,53.4,46,14.9,9.8
"Robert Jr., Luis",673357,715,0.9016393442622952,482,74.543607455,0.47552447552447535,0.2821576763485477,0.1902097902097902,0.15560165975103735,0.1048951048951049,7.737383986,12,-12.624778013880563,233,0.3258741258741259,233,0.3258741258741259,All,Elite,673357,253,13.5,35.6,113,90.1,101.2,93.8,86.3,470,177,402,103,40.7,25,9.9,5.9
"Rocchio, Brayan",677587,649,0.903899721448468,499,69.499249137,0.03235747303543915,0.3046092184368738,0.23420647149460708,0.07414829659318638,0.05701078582434515,7.29060473,9,-29.914552452592424,150,0.23112480739599384,255,0.3929121725731895,All,Poor,677587,300,9.4,35.3,108.1,84.6,95.7,88.5,82.5,400,149,383,67,22.3,12,4,2.7
"Rodgers, Brendan",663898,802,0.901123595505618,612,71.721874327,0.2518703241895263,0.315359477124183,0.24064837905236908,0.1437908496732026,0.10972568578553615,7.142056933,26,-7.296323241324443,190,0.23690773067331672,301,0.3753117206982544,All,Average,663898,372,4.9,32.8,111.1,89.3,101.2,92.6,87.7,439,139,414,164,44.1,21,5.6,3.9
"Rodríguez, Julio",677594,1093,0.9055509527754764,768,76.258332077,0.6340347666971637,0.2955729166666667,0.20768526989935956,0.20572916666666663,0.1445562671546203,7.899078454,30,-14.502288027840692,325,0.29734675205855443,359,0.3284537968892955,All,Elite,677594,413,10.5,33.2,114.5,91.7,103.6,95.9,88.9,448,159,406,200,48.4,42,10.2,6.9
"Rojas, Josh",668942,726,0.8996282527881041,562,66.577504601,0.00826446280991735,0.37544483985765126,0.290633608815427,0.099644128113879,0.07713498622589532,7.254073416,15,-31.727644564162553,164,0.22589531680440772,266,0.36639118457300274,All,Poor,668942,317,15.5,35.6,108.4,88.2,97.9,93.1,83.5,408,179,388,121,38.2,18,5.7,3.8
"Rooker, Brent",667670,1012,0.9100719424460432,699,73.681734081,0.3715415019762846,0.32474964234620884,0.22430830039525693,0.18025751072961377,0.12450592885375494,7.079576798,29,14.53518086312696,313,0.3092885375494071,345,0.3409090909090909,All,Elite,667670,373,18.9,38.3,113.4,91.9,103.3,96.9,87.2,452,202,413,185,49.6,62,16.6,10.1
"Ruiz, Keibert",660688,729,0.8988902589395807,652,66.387764787,0.00960219478737997,0.3788343558282208,0.3388203017832647,0.07975460122699386,0.07133058984910837,7.093757929,10,-24.423614795232155,77,0.1056241426611797,351,0.48148148148148145,All,Poor,660688,410,19.8,32.2,107.9,85.4,95.5,87.7,84.8,418,174,393,105,25.6,13,3.2,2.7
"Rutschman, Adley",668939,982,0.9000916590284143,827,69.07486558,0.06415478615071282,0.3567110036275695,0.3004073319755601,0.1064087061668682,0.08961303462321792,6.939966446,9,-16.897552302580472,155,0.15784114052953158,408,0.4154786150712831,All,Poor,668939,475,18.8,35.4,109.3,88.2,98.1,90.4,86.4,425,184,391,174,36.6,29,6.1,4.5
"Sánchez, Jesús",660821,891,0.906408952187182,614,75.164348833,0.5443322109988776,0.32247557003257327,0.2222222222222222,0.19055374592833876,0.13131313131313133,7.14619541,13,-17.170126230560996,277,0.3108866442199775,300,0.3367003367003367,All,Elite,660821,352,7.7,31.8,117.2,92.5,104.6,97.1,89.5,480,151,419,180,51.3,43,12.2,8
"Santana, Carlos",467793,892,0.9055837563451776,698,71.760669215,0.1939461883408072,0.36103151862464183,0.2825112107623318,0.1361031518624642,0.10650224215246636,7.572571502,8,-27.708370270936243,194,0.21748878923766815,373,0.41816143497757846,All,Average,467793,424,16.1,30.9,113.6,89.2,99.5,93.3,87.4,425,171,392,169,39.9,31,7.3,5.2
"Santander, Anthony",623993,1179,0.907621247113164,950,73.123204699,0.3375742154368108,0.2768421052631579,0.22307039864291772,0.13894736842105262,0.11195928753180662,7.246136353,5,-1.2074037198404333,229,0.19423240033927056,424,0.359626802374894,All,Average,623993,471,22.7,35,114.4,89.8,100.3,94.6,86.1,442,192,395,196,41.6,55,11.7,8.3
"Schanuel, Nolan",694384,783,0.9,682,65.180501494,0.02554278416347381,0.3651026392961877,0.31800766283524906,0.05571847507331378,0.04853128991060025,6.565545198,13,-17.67054665196928,101,0.12899106002554278,343,0.438058748403576,All,Poor,694384,426,10.3,36.4,105.9,86.1,95.3,89.2,83.4,410,157,384,108,25.4,15,3.5,2.5
"Schneider, Davis",676914,685,0.9036939313984168,501,69.828336482,0.06131386861313868,0.3013972055888224,0.22043795620437956,0.10379241516966067,0.07591240875912408,6.922219723,25,-24.822034174118,184,0.2686131386861314,218,0.3182481751824818,All,Poor,676914,258,21.4,38,109.3,88.6,99,93.1,80.3,423,198,388,98,38,31,12,6.8
"Schuemann, Max",680474,665,0.8998646820027063,488,68.329675398,0.02105263157894737,0.38729508196721313,0.28421052631578947,0.08811475409836066,0.06466165413533835,6.667583128,15,-28.225028604752858,177,0.2661654135338346,253,0.3804511278195489,All,Poor,680474,286,16.6,39.5,105.4,89,97.7,91.8,86.3,403,175,379,107,37.4,16,5.6,3.5
"Schwarber, Kyle",656941,959,0.9047169811320754,687,77.516124338,0.77997914494264875,0.3245997088791849,0.23253388946819603,0.22998544395924309,0.16475495307612095,7.710202054,35,-6.8891547063154315,272,0.28362877997914493,344,0.3587069864442127,All,Elite,656941,384,15,31.8,115.6,93.6,105.2,98.2,90.2,447,175,408,213,55.5,60,15.6,8.7
"Seager, Corey",608369,820,0.9050772626931568,642,72.28371272,0.20853658536585373,0.3333333333333333,0.26097560975609757,0.19470404984423675,0.1524390243902439,6.646551415,14,-3.0124957778706567,178,0.21707317073170732,318,0.3878048780487805,All,Average,608369,381,13.5,38.6,113.3,92.1,103.3,95.9,87.9,457,190,392,193,50.7,58,15.2,10.9
"Semien, Marcus",543760,1112,0.8996763754045307,909,68.339320989,0.04226618705035973,0.3751375137513752,0.3066546762589928,0.11991199119911992,0.09802158273381296,7.656665719,27,-33.790273068517735,203,0.1825539568345324,482,0.433453237410072,All,Poor,543760,546,17,33,112.1,87.4,97.8,91.1,84.4,422,173,387,192,35.2,36,6.6,5
"Sheets, Gavin",657757,838,0.9020452099031216,670,72.671415788,0.2971360381861575,0.282089552238806,0.22553699284009543,0.12686567164179105,0.10143198090692124,7.568178974,27,-25.17271400164527,168,0.20047732696897377,320,0.3818615751789976,All,Average,657757,348,13.5,41.1,110,87.8,98.9,90.9,86,410,173,387,123,35.3,20,5.7,4
"Siri, Jose",642350,738,0.9,455,72.470020407,0.27235772357723576,0.2725274725274725,0.16802168021680217,0.14945054945054945,0.0921409214092141,7.842158293,20,-15.40761059323822,283,0.38346883468834686,206,0.2791327913279133,All,Average,642350,238,15.4,35.7,111,87.5,100.7,95.3,79.3,452,181,410,99,41.6,35,14.7,7.8
"Smith, Josh",669701,945,0.9008579599618683,737,70.149388275,0.06772486772486776,0.3568521031207598,0.2783068783068783,0.11804613297150612,0.09206349206349208,6.82476836,10,-12.190696397465931,208,0.2201058201058201,369,0.3904761904761905,All,Poor,669701,407,15.4,33.7,108,87.8,98.3,91.7,84.5,410,167,378,151,37.1,15,3.7,2.5
"Smith, Will",669257,842,0.8976545842217484,683,67.854933052,0.03087885985748219,0.33382137628111275,0.27078384798099764,0.1068814055636896,0.08669833729216152,7.167339905,27,-25.086870097760947,159,0.18883610451306412,308,0.3657957244655582,All,Poor,669257,379,18.7,38.3,109.1,89.4,99.3,92.8,83.5,451,202,396,159,42,41,10.8,7.5
"Soler, Jorge",624585,881,0.9082474226804124,644,75.406534926,0.5664018161180475,0.296583850931677,0.21679909194097616,0.15683229813664595,0.11464245175936436,7.936281283,12,-7.108614088725267,237,0.2690124858115778,315,0.35754824063564133,All,Elite,624585,356,17.9,33.4,115.4,90.5,101.9,94.6,87.6,478,180,418,157,44.1,45,12.6,7.8
"Sosa, Lenyn",672820,642,0.9029535864978904,520,71.749813629,0.16978193146417453,0.3326923076923077,0.26947040498442365,0.125,0.10124610591900313,7.364401184,6,-17.33262886810984,122,0.19003115264797507,259,0.40342679127725856,All,Average,672820,277,12.3,42.2,110.7,89,99.4,93,85.5,406,174,387,114,41.2,17,6.1,4.6
"Soto, Juan",665742,921,0.9056047197640118,748,75.428274083,0.5917480998914225,0.393048128342246,0.31921824104234525,0.25267379679144386,0.20521172638436483,7.287238654,28,13.588277081038878,173,0.18783930510314875,409,0.44408251900108575,All,Elite,665742,461,10.7,35.4,115.7,94.2,105.7,99.5,89.3,447,172,404,262,57,91,19.7,12.8
"Springer, George",543807,949,0.9003795066413662,730,71.899028599,0.2233930453108536,0.33013698630136984,0.25395152792413067,0.15205479452054796,0.11696522655426764,7.431501517,24,-26.2074817016362,219,0.2307692307692308,367,0.38672286617492097,All,Average,543807,432,9.4,29.2,110.6,87.5,99.9,93.8,83,434,147,389,161,37.4,40,9.3,6.5
"Stanton, Giancarlo",519317,715,0.913154533844189,485,81.224575608,0.986013986013986,0.29896907216494845,0.2027972027972028,0.27628865979381445,0.1874125874125874,8.564391343,14,0.2723936911170134,230,0.32167832167832167,252,0.35244755244755244,All,Elite,519317,276,14.7,34.8,120,94.6,108.2,100.4,91.3,451,181,414,152,55.3,57,20.7,12.4
"Steer, Spencer",668715,990,0.9,778,71.560887586,0.1363636363636364,0.32519280205655526,0.25555555555555554,0.12724935732647816,0.1,7.368125131,21,-21.494276683562013,212,0.21414141414141413,388,0.39191919191919194,All,Average,668715,439,17.4,34.2,108,88,99.2,92.7,84.9,439,175,390,175,39.9,28,6.4,4.3
"Stephenson, Tyler",663886,724,0.900497512437811,590,70.84533018,0.09392265193370164,0.37457627118644066,0.3052486187845304,0.15593220338983052,0.1270718232044199,7.43973239,31,4.512920016972438,134,0.1850828729281768,306,0.42265193370165743,All,Average,663886,342,10.9,33,111,90.2,100.3,95.1,86,436,163,394,150,43.9,31,9.1,6
"Stott, Bryson",681082,859,0.90041928721174,736,68.190751828,0.01862630966239813,0.35190217391304346,0.30151338766006985,0.08831521739130435,0.07566938300349244,7.071885937,22,-23.60971173346303,123,0.14318975552968569,376,0.43771827706635624,All,Poor,681082,422,14,35.3,109.8,87,97.1,90.4,84.7,432,162,393,130,30.8,15,3.6,2.6
"Suárez, Eugenio",553993,1025,0.9030837004405288,742,72.206414663,0.21463414634146336,0.30727762803234504,0.2224390243902439,0.1495956873315364,0.10829268292682928,7.782131385,34,-2.318725684256103,283,0.2760975609756098,352,0.3434146341463415,All,Average,553993,406,19.5,40.4,111.4,89.1,100.6,93.3,84,452,197,398,172,42.4,46,11.3,7.2
"Suzuki, Seiya",673548,852,0.9015873015873016,655,72.961616256,0.34976525821596255,0.33435114503816793,0.25704225352112675,0.1801526717557252,0.13849765258215962,7.191845869,17,12.458452546235932,197,0.2312206572769953,327,0.3838028169014085,All,Average,673548,356,16.2,38.8,115.5,91.7,102.6,94.2,89.6,459,198,407,175,49.2,41,11.5,7
"Swanson, Dansby",621020,991,0.9041970802919708,725,71.734416034,0.1281533804238144,0.33379310344827584,0.24419778002018164,0.15448275862068966,0.11301715438950556,7.440274178,22,-23.031170872459217,266,0.2684157416750757,354,0.35721493440968716,All,Average,621020,393,10.4,32.6,109.8,89.4,100.2,94.9,85.1,425,153,389,168,42.7,36,9.2,6.1
"Tatis Jr., Fernando",665487,636,0.9034090909090908,478,74.711434418,0.47798742138364786,0.3744769874476987,0.28144654088050314,0.2259414225941423,0.16981132075471697,7.329773475,29,-7.431556619885808,158,0.24842767295597484,252,0.3962264150943397,All,Elite,665487,303,10,33.7,116.7,93.5,104.4,97.6,89.7,448,166,410,169,55.8,44,14.5,10
"Taveras, Leody",665750,812,0.9032258064516128,599,71.259393067,0.14778325123152708,0.327212020033389,0.2413793103448276,0.14357262103505844,0.10591133004926108,7.456667278,6,-23.91163081171556,213,0.2623152709359606,320,0.39408866995073893,All,Average,665750,375,14.7,31.5,110.1,89,99.2,91.3,88.3,437,168,398,133,35.5,22,5.9,4.2
"Thomas, Lane",657041,774,0.902097902097902,615,71.690386305,0.16925064599483214,0.32682926829268294,0.25968992248062017,0.15284552845528454,0.1214470284237726,6.758526589,19,-7.915007050378407,159,0.2054263565891473,310,0.4005167958656331,All,Average,657041,340,17,31.5,111,88.8,100.4,92.9,86,429,165,397,138,40.6,25,7.4,4.7
"Toglia, Michael",669911,752,0.909310761789601,507,73.151217527,0.2925531914893618,0.3175542406311637,0.21409574468085107,0.1854043392504931,0.125,7.540294561,21,-11.627204733568352,245,0.3257978723404255,234,0.31117021276595747,All,Average,669911,255,15.1,39.2,112,92.1,102.7,95.7,87.3,462,201,404,128,50.2,44,17.3,9.6
"Torkelson, Spencer",679529,600,0.9049773755656108,455,73.634255633,0.30333333333333345,0.2703296703296703,0.205,0.12747252747252746,0.09666666666666666,7.53669815,10,-17.072651074744453,145,0.24166666666666667,205,0.3416666666666667,All,Elite,679529,238,20.2,31.5,109,89,99.7,92.1,87.7,446,174,405,94,39.7,16,6.7,4.2
"Torres, Gleyber",650402,1081,0.906119027661358,858,70.103065042,0.08973172987974098,0.3275058275058275,0.2599444958371878,0.10023310023310024,0.07955596669750231,7.247346383,21,-26.29904913122829,223,0.2062904717853839,397,0.36725254394079554,All,Poor,650402,461,15,38.2,111.2,88.6,98.3,91.9,85.3,418,177,380,163,35.4,29,6.3,4.4
"Tovar, Ezequiel",678662,1285,0.9049295774647887,876,71.316650607,0.1891050583657588,0.3059360730593607,0.2085603112840467,0.11757990867579908,0.08015564202334631,7.545631735,17,-4.9128968058619,409,0.31828793774319064,405,0.3151750972762646,All,Average,678662,467,18.9,38.5,110.6,88.8,99.3,93.1,84.1,456,195,410,186,39.8,42,9,6
"Triolo, Jared",669707,694,0.9012987012987012,522,70.469103775,0.06195965417867438,0.30268199233716475,0.2276657060518732,0.12835249042145594,0.09654178674351584,7.826141499,19,-20.944314159078335,172,0.2478386167146974,245,0.3530259365994236,All,Average,669707,281,13.4,38.8,108,88.4,99.4,91.1,85.9,411,173,386,110,39.1,15,5.3,3.4
"Turang, Brice",668930,926,0.8981571290009699,798,66.164887754,0.03347732181425487,0.3383458646616541,0.2915766738660907,0.06140350877192982,0.0529157667386609,6.076775292,12,-28.934499501395035,128,0.13822894168466524,373,0.40280777537796975,All,Poor,668930,462,6.1,32,107.8,87,96.9,89.1,86.5,419,133,386,137,29.7,11,2.4,1.8
"Turner, Justin",457759,860,0.899581589958159,738,65.058389488,0.00813953488372093,0.3252032520325203,0.27906976744186046,0.05013550135501355,0.04302325581395349,6.334991081,16,-18.68862162788155,122,0.14186046511627906,315,0.36627906976744184,All,Poor,457759,372,17.8,40.1,106.8,87.1,96.7,90.1,84.3,425,186,389,121,32.5,17,4.6,3.2
"Turner, Trea",607208,905,0.904095904095904,680,71.603240729,0.17127071823204423,0.3411764705882353,0.256353591160221,0.1338235294117647,0.1005524861878453,7.589410055,15,-4.325985229703085,225,0.24861878453038672,349,0.3856353591160221,All,Average,607208,408,11.5,30.9,110.6,89.1,99.7,93.2,86.2,459,161,405,166,40.7,28,6.9,5.2
"Urshela, Gio",570482,800,0.9009009009009008,647,68.189103375,0.04125000000000001,0.357032457496136,0.28875,0.09119010819165378,0.07375,7.1262678,10,-19.86318701282759,153,0.19125,334,0.4175,All,Poor,570482,365,10.5,38.6,109,86.4,96.7,90.4,83.2,416,155,386,103,28.4,18,4.9,3.9
"Varsho, Daulton",662139,819,0.9089900110987792,605,73.666904591,0.3443223443223443,0.2396694214876033,0.17704517704517703,0.11074380165289256,0.08180708180708181,7.628742564,6,-22.6210504023652,214,0.2612942612942613,279,0.34065934065934067,All,Elite,662139,324,24.4,29.6,110.2,86.1,98.5,91.6,83.9,427,175,391,110,34,20,6.2,3.9
"Vaughn, Andrew",683734,982,0.9042357274401474,786,70.779219297,0.12016293279022408,0.35368956743002544,0.2830957230142566,0.16157760814249364,0.12932790224032586,7.55516111,12,-14.946323384268322,196,0.19959266802443992,395,0.4022403258655805,All,Average,683734,443,16.6,33.6,112.2,90.3,100.9,93.8,87.8,432,176,403,192,43.3,41,9.3,6.6
"Verdugo, Alex",657077,844,0.904608788853162,709,68.335839206,0.07464454976303318,0.3977433004231312,0.3341232227488152,0.1086036671368124,0.09123222748815166,6.317391896,5,-38.19893675498369,135,0.15995260663507108,384,0.4549763033175355,All,Poor,657077,478,9.9,31.6,110.7,88.3,98,91.6,86.5,422,151,390,167,34.9,27,5.6,4.3
"Vientos, Mark",668901,761,0.909199522102748,512,71.824719895,0.20630749014454663,0.35546875,0.23915900131406043,0.193359375,0.13009198423127463,7.57273477,18,4.969902857185332,249,0.3272010512483574,253,0.3324572930354796,All,Average,668901,283,11.4,34.6,113.2,91.2,102.5,96,87.2,451,169,402,132,46.6,40,14.1,8.8
"Vierling, Matt",663837,858,0.9050632911392406,696,71.084462657,0.11771561771561775,0.360632183908046,0.2925407925407925,0.15517241379310345,0.1258741258741259,7.412548438,7,-11.95070548948672,162,0.1888111888111888,358,0.4172494172494173,All,Average,663837,402,11.7,34.1,111.2,89.8,100.2,93,88.3,426,161,385,163,40.9,30,7.5,5.3
"Volpe, Anthony",683011,1119,0.8966346153846154,884,69.309547131,0.03663985701519215,0.3223981900452489,0.2546916890080429,0.0995475113122172,0.07864164432529044,7.075967989,28,-36.33495513493118,235,0.21000893655049152,423,0.3780160857908847,All,Poor,683011,486,8.4,33.1,108.7,87.7,98.2,91.6,84.9,421,146,383,172,35.4,19,3.9,2.8
"Walker, Christian",572233,915,0.9014778325123152,708,75.045019661,0.5278688524590162,0.2612994350282486,0.2021857923497268,0.15819209039548024,0.12240437158469944,7.544497672,32,-12.76665811171974,207,0.2262295081967213,303,0.33114754098360655,All,Elite,572233,354,16.6,35,113.9,91.2,103.1,95.5,88.3,464,189,407,170,48,47,13.3,8.5
"Ward, Taylor",621493,938,0.90279114533205,724,69.828621098,0.08422174840085286,0.3839779005524862,0.29637526652452023,0.1477900552486188,0.1140724946695096,7.053521119,23,-23.017206461779676,214,0.2281449893390192,375,0.3997867803837953,All,Poor,621493,430,17.4,41.9,109.4,90.9,100,93.6,86.5,428,203,397,182,42.4,56,13,8.4
"Wells, Austin",669224,686,0.9038208168642952,510,72.426270671,0.217201166180758,0.3137254901960784,0.23323615160349853,0.1627450980392157,0.12099125364431489,7.40460379,11,-16.53032457760489,176,0.2565597667638484,244,0.3556851311953353,All,Average,669224,275,17.1,34.5,111.2,88.4,99.7,93.2,84.2,423,179,398,107,38.9,25,9.1,6
"Westburg, Jordan",676059,684,0.903566710700132,496,71.030642646,0.10964912280701763,0.375,0.2719298245614035,0.16532258064516128,0.11988304093567252,6.81991769,16,-5.8652278116315095,188,0.27485380116959063,265,0.38742690058479534,All,Average,676059,321,13.1,37.4,111.2,91.1,101.8,94.8,88.2,433,177,397,148,46.1,38,11.8,8.5
"Winker, Jesse",608385,757,0.907673860911271,626,69.543654518,0.07397622192866575,0.3226837060702875,0.2668428005284016,0.1134185303514377,0.09379128137384413,7.289593989,18,-9.93318957265151,131,0.17305151915455746,288,0.380449141347424,All,Poor,608385,329,14,30.1,109.2,88.6,98.9,92.8,86.6,429,148,402,123,37.4,25,7.6,4.9
"Winn, Masyn",691026,1000,0.9000900090009001,823,70.22580169,0.11500000000000002,0.3219927095990279,0.265,0.12029161603888214,0.099,7.32167485,14,-16.46575401169539,177,0.177,423,0.423,All,Poor,691026,486,13.2,33.1,111.1,87,98.1,89.3,87,417,160,394,159,32.7,18,3.7,2.8
"Witt Jr., Bobby",677951,1111,0.911402789171452,875,74.664595032,0.4833483348334832,0.3485714285714286,0.2745274527452745,0.20457142857142857,0.16111611161116113,7.096457183,16,19.805582536422023,236,0.21242124212421243,468,0.4212421242124213,All,Elite,677951,538,15.1,35.7,116.9,92.7,104,95.3,91.1,468,187,411,260,48.3,77,14.3,10.9
"Wong, Connor",657136,822,0.9032967032967032,595,72.013196338,0.1751824817518248,0.29411764705882354,0.21289537712895376,0.13277310924369748,0.09610705596107055,7.344921946,11,-4.471685067519,227,0.2761557177615572,294,0.35766423357664234,All,Average,657136,336,12.9,30.4,109.1,86.5,98.7,90.8,83.3,420,153,388,116,34.5,21,6.3,4.3
"Yastrzemski, Mike",573262,757,0.9065868263473054,570,70.94695535,0.05548216644649935,0.35789473684210527,0.26948480845442535,0.1421052631578947,0.10700132100396299,7.556113091,11,-14.72902319889399,187,0.24702774108322328,284,0.3751651254953765,All,Average,573262,306,19.1,33,108.2,90.4,99.6,94,85.8,422,181,380,125,41,32,10.5,6.8
"Young, Jacob",696285,707,0.8994910941475827,582,68.17035116,0.01414427157001414,0.35738831615120276,0.2942008486562942,0.08934707903780069,0.07355021216407355,6.93405826,20,-20.053352182362826,125,0.1768033946251768,320,0.4526166902404526,All,Poor,696285,377,4,27.6,106.7,85.8,96.9,89.6,84.4,403,123,397,109,28.9,6,1.6,1.2
