Name,Team,PA,BB%,K%,BB/K,AVG,OBP,SLG,OPS,ISO,Spd,BABIP,UBR,wGDP,XBR,wSB,wRC,wRAA,wOBA,wRC+,NameASCII,PlayerId,MLBAMID
"Aaron Judge","NYY",704,0.188920454,0.242897727,0.777777777,0.322003577,0.458036984,0.701252236,1.15928922,0.379248659,3.920110021496349,0.367469879,1.7000000476837158,-1.2000000476837158,-0.8037865161895752,0.3662685975432396,176.15959543642595,93.8070330089052,0.4757340011100992,218.42537975678286,"Aaron Judge",15640,592450
"Shohei Ohtani","LAD",731,0.110807113,0.221614227,0.5,0.309748427,0.39010989,0.646226415,1.036336305,0.336477988,8.105655160534827,0.336470588,0.8000000715255737,1.600000023841858,0.954367458820343,8.798800624907017,156.33115792539346,70.82018756386266,0.43054929176412915,181.15414439501438,"Shohei Ohtani",19755,660271
"Kyle Tucker","HOU",339,0.16519174,0.159292035,1.037037037,0.288808664,0.407738095,0.584837545,0.99257564,0.296028881,4.62912995746382,0.282178217,-0.20000000298023224,0.20000000298023224,-1.7525924444198608,1.4265426397323608,69.31535649490658,29.659790212336215,0.4188836233035938,179.98714446496393,"Kyle Tucker",18345,663656
"Juan Soto","NYY",713,0.180925666,0.16690042,1.084033613,0.288194444,0.419354838,0.569444444,0.988799282,0.28125,4.300614076383838,0.297619047,-5,0.5,-1.8615641593933105,-1.964250959455967,146.7634593501984,63.35809427800763,0.4205848819428188,179.6323630976572,"Juan Soto",20123,665742
"Yordan Alvarez","HOU",635,0.108661417,0.149606299,0.726315789,0.307971014,0.392125984,0.567028985,0.959154969,0.259057971,3.845090797636476,0.316901408,-3.199999988079071,-0.800000011920929,-2.8020994663238525,-0.07857240736484528,120.99862006165301,46.717544576602336,0.40158736975397163,167.82060649985647,"Yordan Alvarez",19556,670541
"Bobby Witt Jr.","KCR",709,0.080394922,0.149506346,0.537735849,0.331761006,0.389280677,0.588050314,0.977330991,0.256289308,7.2023241576855455,0.35375494,2.799999713897705,2.0999999046325684,4.599363327026367,-0.07282041758298874,139.75057346715485,56.81312068148408,0.40973835374627793,167.54034664406979,"Bobby Witt Jr.",25764,677951
"Vladimir Guerrero Jr.","TOR",697,0.103299856,0.137733142,0.75,0.323051948,0.395982783,0.543831168,0.939813951,0.22077922,2.159302274889306,0.342105263,-5.399999976158142,-1.100000023841858,-3.6576731204986572,-1.9016806408762932,130.73860448194316,49.20488855583241,0.39789022276871394,165.02279452706466,"Vladimir Guerrero Jr.",19611,665489
"Brent Rooker","OAK",614,0.096091205,0.288273615,0.333333333,0.293040293,0.364820846,0.562271062,0.927091908,0.269230769,4.276088545836224,0.362275449,0.5,1.7000000476837158,1.047026515007019,-0.22255981713533401,112.35029903558612,40.52576305476546,0.39218441668103954,163.63141597278016,"Brent Rooker",19627,667670
"Carlos Correa","MIN",367,0.108991825,0.166212534,0.655737704,0.310344827,0.387978142,0.517241379,0.905219521,0.206896552,2.81785714,0.342741935,1.899999976158142,0.6000000238418579,0.22815556824207306,-0.8050270825624466,65.12188982968057,22.190937541470166,0.3853048369370771,155.4979003072439,"Carlos Correa",14162,621043
"Gunnar Henderson","BAL",719,0.108484005,0.221140472,0.490566037,0.28095238,0.364394993,0.528571428,0.892966421,0.247619048,6.711413310786194,0.319634703,2.700000047683716,2.299999952316284,2.8560359477996826,1.1119838654994965,125.35989116745752,41.252657665486744,0.38146476194387025,154.74504761804945,"Gunnar Henderson",26289,683002
"Marcell Ozuna","ATL",688,0.107558139,0.247093023,0.435294117,0.301980198,0.378457059,0.54620462,0.924661679,0.244224422,1.7297226310352216,0.359102244,,,-3.301123857498169,-1.2837754040956497,127.17431047463819,46.693397193197455,0.39450213334856243,154.00063286835456,"Marcell Ozuna",10324,542303
"Christian Yelich","MIL",315,0.126984126,0.184126984,0.689655172,0.314814814,0.405750798,0.503703703,0.909454501,0.188888889,7.0140980010409075,0.366336633,,,1.6693909168243408,3.021536260843277,57.435177093279464,20.587084529829124,0.39138049156435073,152.72035256134947,"Christian Yelich",11477,592885
"Joc Pederson","ARI",449,0.122494432,0.233853006,0.523809523,0.275204359,0.392776523,0.514986376,0.907762899,0.239782017,3.9089260987016163,0.322314049,-1.7000000476837158,2,0.10781073570251465,-1.2539329454302788,81.74317906393532,29.22002490206483,0.3910353168878966,151.22539204110254,"Joc Pederson",11899,592626
"Ketel Marte","ARI",583,0.111492281,0.181818181,0.613207547,0.291666666,0.372212692,0.559523809,0.931736501,0.267857143,4.320483194670562,0.299191374,1.7999999523162842,0,1.1032766103744507,-0.18097732216119766,106.12190957899442,37.9236938187038,0.3909995480337077,151.20131715041614,"Ketel Marte",13613,606466
"Bryce Harper","PHI",631,0.12044374,0.218700475,0.550724637,0.285454545,0.373015873,0.525454545,0.898470418,0.24,2.767145354128121,0.330729166,,,0.9617714285850525,-1.419673815369606,109.38315203397026,35.56998883543959,0.38021706340771305,144.98917770401317,"Bryce Harper",11579,547180
"Byron Buxton","MIN",388,0.051546391,0.255154639,0.202020202,0.278873239,0.335051546,0.523943661,0.858995207,0.245070422,6.1739075888187465,0.3375,1.6999999284744263,1.399999976158142,2.820863962173462,-0.04929900914430618,62.71759530916966,17.33010351672925,0.3656734152665742,141.68875739788675,"Byron Buxton",14161,621439
"José Ramírez","CLE",682,0.079178885,0.120234604,0.658536585,0.279032258,0.334801762,0.537096774,0.871898536,0.258064516,6.627416628901248,0.265346534,,,2.0147511959075928,4.291585817933083,109.47380956544085,29.69476471378013,0.3642762730118049,141.27336308298348,"Jose Ramirez",13510,608070
"Mookie Betts","LAD",516,0.118217054,0.110465116,1.070175438,0.288888888,0.372093023,0.491111111,0.863204134,0.202222223,6.294592030484924,0.293650793,-0.6999999284744263,-1.100000023841858,-0.6772996187210083,1.2692632526159286,85.60721453790048,25.246529576819928,0.3709689515573969,141.05249143299704,"Mookie Betts",13611,605141
"Corey Seager","TEX",533,0.099437148,0.18011257,0.552083333,0.277894736,0.35272045,0.511578947,0.864299397,0.233684211,1.573348342249205,0.29059829,-4.300000309944153,0.6000000238418579,-4.003930568695068,-1.1994516253471375,85.72261842286782,23.37330624407726,0.364663478286787,140.31980780690262,"Corey Seager",13624,608369
"Willson Contreras","STL",358,0.125698324,0.268156424,0.46875,0.262458471,0.379888268,0.468438538,0.848326806,0.205980067,3.254535693211778,0.336842105,1,-0.30000001192092896,-1.287964940071106,-0.4100334793329239,59.16763315223079,17.289483508690417,0.37018280752589194,140.29278734957884,"Willson Contreras",11609,575929
"Jurickson Profar","SDP",668,0.113772455,0.151197604,0.752475247,0.280141843,0.380090497,0.459219858,0.839310355,0.179078015,3.6232297817421055,0.301801801,,,-0.0163241159170866,-0.7540415599942207,107.77482664995253,29.633474801111813,0.365296050431334,139.21265650053607,"Jurickson Profar",10815,595777
"Seiya Suzuki","CHC",585,0.107692307,0.273504273,0.39375,0.283203125,0.365811965,0.482421875,0.84823384,0.19921875,5.7790041590865755,0.370149253,-1.7000000476837158,1.899999976158142,-0.3057202100753784,-0.4691487178206444,94.18438053726358,25.752208633712957,0.36487284691882704,137.79655534262386,"Seiya Suzuki",30116,673548
"Francisco Lindor","NYM",689,0.081277213,0.184325108,0.440944881,0.273462783,0.343976777,0.5,0.843976777,0.226537217,5.650956853192346,0.295010845,1.5999999046325684,1,1.1123279333114624,2.885617181658745,109.82636414417776,29.228472791107027,0.36288581496572286,137.42724248761272,"Francisco Lindor",12916,596019
"Freddie Freeman","LAD",638,0.122257053,0.156739811,0.78,0.282287822,0.377742946,0.47601476,0.853757706,0.193726938,4.09725074533176,0.306074766,,,-1.0581315755844116,-0.3754018619656563,102.96599371057994,28.33398401063927,0.36535710949207906,137.2753370528749,"Freddie Freeman",5361,518692
"Kyle Schwarber","PHI",692,0.15317919,0.28468208,0.538071065,0.247818499,0.365606936,0.485165794,0.85077273,0.237347295,2.8862746911738246,0.300578034,0.19999998807907104,0.5,-0.6971478462219238,-1.7066870406270027,111.93187423265138,30.98304866469064,0.36580757077696713,135.29060144829,"Kyle Schwarber",16478,656941
"Riley Greene","DET",584,0.109589041,0.267123287,0.41025641,0.26171875,0.34819897,0.478515625,0.826714595,0.216796875,4.895374963546641,0.329341317,-0.10000002384185791,1.7000000476837158,0.983812689781189,-1.1386292055249214,89.56901136052309,21.253817528602468,0.35539623961366457,134.9744115098804,"Riley Greene",25976,682985
"Fernando Tatis Jr.","SDP",438,0.07305936,0.219178082,0.333333333,0.276381909,0.340182648,0.492462311,0.832644959,0.216080402,4.890185383196064,0.315602836,1.2000001072883606,0.699999988079071,-0.13729825615882874,0.14838403463363647,68.36771196224737,17.13131658830689,0.3587745542395605,134.82324254002185,"Fernando Tatis Jr.",19709,665487
"Rafael Devers","BOS",601,0.111480865,0.244592346,0.455782312,0.272380952,0.354409317,0.516190476,0.870599793,0.243809524,4.6673906424774545,0.323033707,-1.4999998807907104,-0.6000000238418579,-0.4473094642162323,-0.44179974496364594,96.35161241729715,26.047791367666516,0.36402783280133794,134.05972820492894,"Rafael Devers",17350,646240
"Teoscar Hernández","LAD",652,0.081288343,0.288343558,0.281914893,0.271646859,0.339477726,0.500848896,0.840326622,0.229202037,4.415695283835049,0.344173441,0,1,0.5983631610870361,-0.006774969398975372,102.33031413060182,26.06061142784112,0.359840165041847,133.5620552725716,"Teoscar Hernandez",13066,606192
"Mark Vientos","NYM",454,0.072687224,0.297356828,0.244444444,0.266343825,0.321585903,0.515738498,0.837324401,0.249394673,1.18811575875,0.32421875,-2.200000047683716,1.2000000476837158,-1.2151336669921875,-0.7655649706721306,69.85096623373086,16.74292171371037,0.35599902613572615,132.7919615421706,"Mark Vientos",22184,668901
"Tyler Fitzgerald","SFG",341,0.064516129,0.316715542,0.203703703,0.280254777,0.33431085,0.496815286,0.831126136,0.216560509,6.771793595235699,0.380208333,2.5000001192092896,1.399999976158142,2.739807367324829,1.1643654704093933,52.66909832736127,12.779575901530903,0.35674211146894436,131.74547207410086,"Tyler Fitzgerald",26208,666149
"Tyler O'Neill","BOS",473,0.112050739,0.336152219,0.333333333,0.240875912,0.336152219,0.510948905,0.847101124,0.270072993,3.6434285382550886,0.304932735,-2.0000001192092896,-1.899999976158142,-0.7230340838432312,-0.028704337775707245,74.16980287099642,18.839174990005912,0.35966480504243803,130.9906853790256,"Tyler O'Neill",15711,641933
"Steven Kwan","CLE",540,0.098148148,0.094444444,1.039215686,0.291666666,0.368029739,0.425,0.793029739,0.133333334,5.102867599411571,0.303614457,1.2999999970197678,0.20000000298023224,1.1134488582611084,-0.9272817000746727,80.23567458205726,17.067515901856677,0.3494486094185854,130.84328170592786,"Steven Kwan",24610,680757
"William Contreras","MIL",679,0.114874815,0.204712812,0.561151079,0.280672268,0.365243004,0.465546218,0.830789222,0.18487395,4.415599497166965,0.330275229,-0.5,-2.9000000953674316,-2.1613447666168213,-0.4385412409901619,105.95967461599218,26.53156397922146,0.3587271837346278,130.742438133437,"William Contreras",20503,661388
"Lawrence Butler","OAK",451,0.077605321,0.239467849,0.324074074,0.262135922,0.31707317,0.490291262,0.807364432,0.22815534,6.401089869307945,0.3006993,-0.30000001192092896,-0.6000000238418579,0.9630005359649658,2.850219927728176,65.2400382918453,12.482927986714817,0.3445680385946963,130.1370832211039,"Lawrence Butler",22542,671732
"Rob Refsnyder","BOS",307,0.091205211,0.254071661,0.358974358,0.283088235,0.359477124,0.470588235,0.830065359,0.1875,2.6665623043587594,0.358695652,-1.7000001668930054,-0.6000000238418579,-0.14728429913520813,-1.0414066016674042,47.8072512372587,11.894983246848373,0.35831892098251145,130.04396304607926,"Rob Refsnyder",13770,608701
"Jackson Merrill","SDP",593,0.048903878,0.170320404,0.287128712,0.292418772,0.32597623,0.5,0.82597623,0.207581228,6.132499834830481,0.31797235,0.7000000476837158,2.9000000953674316,2.7707135677337646,0.9589659124612808,89.09346624302768,19.725469766437037,0.351507786788097,129.9322099362613,"Jackson Merrill",29490,701538
"David Fry","CLE",392,0.107142857,0.214285714,0.5,0.262686567,0.356410256,0.447761194,0.80417145,0.185074627,3.66504375887377,0.307053941,-0.2999999523162842,-1,-0.8841663002967834,-0.4100334793329239,57.54231136206904,11.686907283108631,0.34722092886662853,129.27628571273445,"David Fry",24934,681807
"Anthony Santander","BAL",665,0.087218045,0.193984962,0.449612403,0.235294117,0.308270676,0.505882352,0.814153028,0.270588235,3.2090874754210423,0.224824355,-1.2000000476837158,0.699999988079071,-2.0664591789245605,-0.633907325565815,96.5210349187663,18.730617284815597,0.3451743663437777,129.21764224262694,"Anthony Santander",14551,623993
"Jarren Duran","BOS",735,0.073469387,0.217687074,0.3375,0.284649776,0.341961852,0.491803278,0.83376513,0.207153502,7.982662395677068,0.344827586,1.7999999523162842,0.5,5.719118118286133,2.6469207033514977,113.59841430554036,27.619531657489574,0.3568673902286514,129.02292667113866,"Jarren Duran",24617,680776
"Luke Raley","SEA",455,0.059340659,0.296703296,0.2,0.242574257,0.3200883,0.462871287,0.782959587,0.22029703,5.856887607990397,0.305220883,-0.7000000476837158,1.7000000476837158,-0.19525273144245148,0.5849601328372955,63.81450410344553,10.589481511795036,0.3390953546065105,128.6967272058503,"Luke Raley",19354,670042
"Xavier Edwards","MIA",303,0.108910891,0.171617161,0.634615384,0.328301886,0.397350993,0.422641509,0.819992502,0.094339623,8.181758754329332,0.398148148,0.7000000476837158,1.2999999523162842,2.3759231567382812,3.782839797437191,47.25624661505576,11.811890911165442,0.3586137106648315,128.41615508294646,"Xavier Edwards",22266,669364
"Jose Altuve","HOU",682,0.068914956,0.174486803,0.394957983,0.294585987,0.350439882,0.439490445,0.789930327,0.144904458,4.423971485211609,0.337423312,,,-0.8178586363792419,0.09696464240550995,98.47424143025732,18.695196578596605,0.344237520589548,127.47955141816854,"Jose Altuve",5417,514888
"Spencer Horwitz","TOR",381,0.11023622,0.183727034,0.6,0.265243902,0.35695538,0.432926829,0.789882209,0.167682927,1.3340964525,0.3,-3.4000001922249794,0.10000000149011612,-2.8627421855926514,-0.8129195049405098,54.96917557028355,10.400530279253141,0.34409546867838636,127.1824659214581,"Spencer Horwitz",26477,687462
"Jordan Westburg","BAL",447,0.049217002,0.217002237,0.226804123,0.264423076,0.311659192,0.48076923,0.792428422,0.216346154,5.585791642550678,0.304635761,-0.19999998807907104,0.800000011920929,1.016032338142395,-0.7253372222185135,62.86042608947705,10.571228070866573,0.3395621362288437,125.26988496869662,"Jordan Westburg",27815,676059
"Trea Turner","PHI",539,0.050092764,0.181818181,0.275510204,0.295049504,0.337662337,0.46930693,0.806969267,0.174257426,5.2825283821312405,0.330749354,1.5000000596046448,0.699999988079071,1.5322635173797607,1.106604978442192,79.92134567935344,16.870165070782857,0.3490665514084315,124.02274788085491,"Trea Turner",16252,607208
"Brandon Lowe","TBR",425,0.077647058,0.263529411,0.294642857,0.244155844,0.310588235,0.472727272,0.783315507,0.228571428,5.144134246866152,0.287401574,1.5000000447034836,0.20000000298023224,0.8229362368583679,-0.09164714068174362,58.10280130287173,8.387120860121275,0.334698090739284,123.27430266211141,"Brandon Lowe",18882,664040
"Manny Machado","SDP",643,0.069984447,0.192846034,0.362903225,0.274873524,0.32503888,0.472175379,0.797214259,0.197301855,3.5726913585907174,0.301801801,,,-0.6201407313346863,0.25347839295864105,90.47638189995419,15.259481841863511,0.3396645368923385,121.96089094724196,"Manny Machado",11493,592518
"Pete Alonso","NYM",695,0.100719424,0.247482014,0.406976744,0.240131578,0.329496402,0.458881578,0.78837798,0.21875,2.750297248737655,0.275862068,-1.6000000461935997,-0.10000000149011612,-3.5972368717193604,-0.6627875715494156,97.89861168860448,16.598851905753733,0.3398528206020637,121.92445845780296,"Pete Alonso",19251,624413
"Ian Happ","CHC",657,0.121765601,0.255707762,0.476190476,0.242530755,0.340943683,0.44112478,0.782068463,0.198594025,4.8940028570369805,0.298941798,-0.10000002384185791,0.699999988079071,0.7542290687561035,0.5114147961139679,93.17625490495568,16.321661844044968,0.34104491788439634,121.75872578967433,"Ian Happ",17919,664023
"Nathaniel Lowe","TEX",565,0.125663716,0.221238938,0.568,0.265432098,0.361061946,0.401234567,0.762296513,0.135802469,2.6362931825550135,0.323782234,-0.4000000059604645,0.5,0.10970553010702133,-0.9417117983102798,78.41105763695643,12.318447166005836,0.3372676782574214,121.0490425983843,"Nathaniel Lowe",19566,663993
"Trevor Larnach","MIN",400,0.1,0.2225,0.449438202,0.259154929,0.3375,0.433802816,0.771302816,0.174647887,3.6274713325757273,0.304347826,-1.7999999523162842,-2,-1.3087650537490845,-0.4100334793329239,55.05980788326714,8.26857923126671,0.33586232494889645,120.71902767631957,"Trevor Larnach",21501,663616
"Matt Chapman","SFG",647,0.098918083,0.244204018,0.405063291,0.246956521,0.327666151,0.462608695,0.790274846,0.215652174,5.571659057504478,0.293367346,5.800000011920929,-0.30000001192092896,2.643218517303467,1.0771556720137596,91.28461153238707,15.59979918777637,0.34013576694527026,120.56826390869955,"Matt Chapman",16505,656305
"Yandy Díaz","TBR",621,0.080515297,0.152979066,0.526315789,0.280639431,0.341384863,0.413854351,0.755239214,0.13321492,1.0887334275,0.31441048,-2.1999999284744263,-1.399999976158142,-2.2967653274536133,-1.3101421147584915,82.81682198841915,10.173439506188483,0.3305333292234731,120.34472436052373,"Yandy Diaz",16578,650490
"James Wood","WSN",336,0.116071428,0.288690476,0.402061855,0.264406779,0.354166666,0.427118644,0.78128531,0.162711865,6.373316699536776,0.365079365,-0.30000007152557373,1.399999976158142,1.5355240106582642,-1.1661540865898132,47.926408254902,8.621776187221649,0.34206041827130673,120.26044447989459,"James Wood",29518,695578
"JJ Bleday","OAK",642,0.10436137,0.194704049,0.536,0.243006993,0.324492979,0.437062937,0.761555916,0.194055944,3.2025446969557985,0.278688524,-2.299999952316284,1.2000000476837158,-0.6387351751327515,-1.9120659306645393,85.45509124868353,10.35516926222285,0.33021923363302047,120.0438407845668,"JJ Bleday",26368,668709
"Heliot Ramos","SFG",518,0.071428571,0.26061776,0.274074074,0.269473684,0.322393822,0.469473684,0.791867506,0.2,4.190042005948293,0.329192546,-1.2999999523162842,-0.5,-0.5049239993095398,-0.12841980904340744,72.5186920903445,11.924050986003946,0.3387795454540918,119.65543388137579,"Heliot Ramos",22515,671218
"Colton Cowser","BAL",561,0.092691622,0.306595365,0.302325581,0.242484969,0.320855614,0.446893787,0.767749401,0.204408818,5.033934289179484,0.316993464,2.9999999552965164,-0.20000000298023224,1.9408459663391113,-0.8223632499575615,75.2324724524203,9.607774267989695,0.3314574734042923,119.56889962719454,"Colton Cowser",29591,681297
"Willy Adames","MIL",688,0.107558139,0.251453488,0.427745664,0.250819672,0.331395348,0.462295081,0.793690429,0.211475409,4.433158213874132,0.296568627,0.20000000298023224,-0.10000000149011612,-0.08307356387376785,1.3171868473291397,98.06381335588893,17.582900074448172,0.34193181539103934,119.43800398037838,"Willy Adames",15986,642715
"Jorge Soler","- - -",574,0.118466898,0.245644599,0.482269503,0.24137931,0.338003502,0.442190669,0.780194171,0.200811359,3.073100454545923,0.292537313,-3.7999998927116394,0.5999999642372131,-3.4957484006881714,-0.8812618628144264,80.85228074645777,13.706867630837152,0.33977710313429554,119.3728177950439,"Jorge Soler",14221,624585
"Christian Walker","ARI",552,0.099637681,0.240942028,0.413533834,0.25052192,0.335144927,0.467640918,0.802785845,0.217118998,2.2282734236255486,0.286585365,1.2000000029802322,-0.20000000298023224,-1.7990931272506714,-1.428135298192501,79.35263953700093,14.780743997240332,0.3434478165241924,119.1957423564317,"Christian Walker",13419,572233
"LaMonte Wade Jr.","SFG",401,0.154613466,0.224438902,0.688888888,0.259818731,0.38,0.380664652,0.760664652,0.120845921,2.190283389244324,0.330508474,1.0000001192092896,1.399999976158142,-1.0051888227462769,-0.9757743552327156,55.711969994587555,8.803763270957132,0.3374564818189114,118.76492136398214,"LaMonte Wade Jr.",18126,664774
"Michael Busch","CHC",567,0.111111111,0.285714285,0.388888888,0.24798387,0.335097001,0.439516129,0.77461313,0.191532259,3.391394675610845,0.321766561,-0.5,0.5,-0.4945809543132782,-1.0941606909036636,78.31988909346772,11.993322479257113,0.3364596908168321,118.67255367354511,"Michael Busch",26319,683737
"Ryan O'Hearn","BAL",494,0.093117408,0.139676113,0.666666666,0.264108352,0.334008097,0.426636568,0.760644665,0.162528216,3.968082710880684,0.281767955,0.10000002384185791,0.8999999761581421,0.4899033010005951,-0.7836667746305466,65.6945276213647,7.907360236144173,0.3300667288826733,118.59062152936836,"Ryan O'Hearn",16442,656811
"Josh Naylor","CLE",633,0.091627172,0.165876777,0.552380952,0.243339253,0.319620253,0.456483126,0.776103379,0.213143873,3.236399162571689,0.245939675,-2.299999713897705,-2.0999999046325684,-1.8419196605682373,-0.6912746652960777,84.96071058268845,10.913591240897764,0.33160023488998414,118.28837056897655,"Josh Naylor",18839,647304
"Jesse Winker","- - -",508,0.124015748,0.208661417,0.594339622,0.253488372,0.359683794,0.404651162,0.764334956,0.15116279,4.073787002388085,0.303514376,-0.20000003278255463,-0.4999999850988388,-2.860668934881687,0.05135800689458847,70.77096228716752,11.346101899126984,0.33783508328691364,118.27959855506761,"Jesse Winker",13590,608385
"Alex Bregman","HOU",634,0.06940063,0.135646687,0.511627906,0.259896729,0.315457413,0.452667814,0.768125227,0.192771085,3.402246487145928,0.264270613,-4.399999901652336,-0.20000000298023224,-1.3812059164047241,-0.917837955057621,84.63770555524611,10.473608141825439,0.3307042115295856,117.95994545268115,"Alex Bregman",17678,608324
"Elly De La Cruz","CIN",696,0.099137931,0.31321839,0.316513761,0.258899676,0.338616714,0.470873786,0.8094905,0.21197411,8.693407955542142,0.359042553,0.8000000342726707,0.10000000149011612,1.8385931253433228,5.641325235366821,102.9665163871542,21.54977853267347,0.34864824028373453,117.85621503824532,"Elly De La Cruz",26668,682829
"Bryan Reynolds","PIT",692,0.082369942,0.225433526,0.365384615,0.274919614,0.343930635,0.446945337,0.790875972,0.172025723,4.17227248054702,0.330337078,2.5999999046325684,2.5,1.228780746459961,-0.22275639325380325,99.08665101128608,18.137825443325344,0.3427446141990418,117.77041804655428,"Bryan Reynolds",19326,668804
"Donovan Solano","SDP",309,0.071197411,0.210355987,0.338461538,0.286219081,0.343042071,0.41696113,0.760003201,0.130742049,2.25484884335302,0.345971563,,,-2.4751267433166504,-0.6758623048663139,41.84741698317444,5.701192849504113,0.3331028579894007,117.54443126774406,"Donovan Solano",8623,456781
"Luis Rengifo","LAA",304,0.052631578,0.144736842,0.363636363,0.300353356,0.346534653,0.41696113,0.763495783,0.116607774,6.330616488933957,0.339055793,0.5,-0.30000001192092896,0.6411307454109192,1.2940993085503578,41.56051823243964,5.999184456919313,0.3346977892881966,117.45198829820276,"Luis Rengifo",19858,650859
"Jackson Chourio","MIL",573,0.068062827,0.211169284,0.322314049,0.274621212,0.326923076,0.464015151,0.790938227,0.189393939,6.058048917317218,0.319587628,3.9000000953674316,0.5,3.4104151725769043,0.5468327179551125,80.11255150211129,13.084116458120667,0.33854969905715593,117.16160785662413,"Jackson Chourio",28806,694192
"Cal Raleigh","SEA",628,0.111464968,0.280254777,0.397727272,0.219780219,0.31210191,0.435897435,0.747999345,0.216117216,2.925951453449971,0.251461988,-2.299999952316284,1.5,-2.2466776371002197,-0.3257303684949875,79.72345096858389,6.26122198494322,0.32256641812049425,117.06993573317554,"Cal Raleigh",21534,663728
"Matt Olson","ATL",685,0.103649635,0.248175182,0.417647058,0.246666666,0.332846715,0.456666666,0.789513381,0.21,1.62969924,0.293103448,-4,0,-2.353153944015503,-1.2312178909778595,96.26796071291908,16.13798164636834,0.33945008884457983,116.94683331152036,"Matt Olson",14344,621566
"Isaac Paredes","- - -",641,0.118564742,0.163806552,0.723809523,0.23800738,0.346333853,0.392988929,0.739322782,0.154981549,2.0046116080021834,0.259433962,-2.3999998345971107,-1.5000000223517418,0.8028346300125122,-1.5861803218722343,83.88869838359423,8.905754468763552,0.327380766424588,116.7198752227572,"Isaac Paredes",20036,670623
"Justin Turner","- - -",539,0.109461966,0.176252319,0.621052631,0.258695652,0.354359925,0.382608695,0.73696862,0.123913043,1.5937731634966572,0.299168975,,,-2.4732290506362915,-2.0254458636045456,70.16775145710807,7.116570848537485,0.32655321508368523,116.63779364930163,"Justin Turner",5235,457759
"Yainer Diaz","HOU",619,0.038772213,0.17285945,0.224299065,0.299145299,0.324717285,0.441025641,0.765742926,0.141880342,3.392803347699853,0.338297872,-3.5999999046325684,-2.4000000953674316,-0.7284140586853027,-0.7996481955051422,81.69596596564222,9.28653962667155,0.3288189165028939,116.63379043004196,"Yainer Diaz",23003,673237
"Austin Riley","ATL",469,0.078891257,0.251599147,0.313559322,0.256470588,0.32196162,0.46117647,0.78313809,0.204705882,2.6832114650000003,0.310344827,0.7000000476837158,0.5,-0.3625960052013397,-0.820811927318573,65.34917034718767,10.486454752717165,0.33795924811983413,115.94339531237583,"Austin Riley",18360,663586
"Giancarlo Stanton","NYY",459,0.082788671,0.31154684,0.265734265,0.232613908,0.298474945,0.474820143,0.773295088,0.242206235,0.7910052837499999,0.281124497,,,-3.650822401046753,-0.6945331692695618,60.977450084017505,7.284515205847018,0.3298972602485306,115.84083800562564,"Giancarlo Stanton",4949,519317
"Julio Rodríguez","SEA",613,0.061990212,0.254486133,0.243589743,0.273368606,0.324632952,0.409171075,0.733804027,0.135802469,4.681229840187874,0.34351145,0.5,0.8999999761581421,0.46158862113952637,1.504288025200367,76.82602889591074,5.118470986720089,0.32055336402522194,115.65391237264376,"Julio Rodriguez",23697,677594
"Ramón Urías","BAL",301,0.07641196,0.182724252,0.418181818,0.25367647,0.322259136,0.422794117,0.745053253,0.169117647,3.6616278033459255,0.280193236,0.2999999523162842,1.5,0.17809376120567322,-0.7969380840659142,38.866902962233674,3.6565034016033504,0.3252721706102061,115.21803132765001,"Ramon Urias",18795,602104
"Jose Miranda","MIN",429,0.041958041,0.153846153,0.272727272,0.284289276,0.321678321,0.441396508,0.763074829,0.157107232,3.7037293236092443,0.318181818,-2.799999952316284,-2.200000047683716,-2.378281593322754,-1.1676853597164154,56.294852819970565,6.1112600907001084,0.3278782245154693,115.10284838281903,"Jose Miranda",20538,669304
"Eugenio Suárez","ARI",640,0.0765625,0.275,0.27840909,0.255691768,0.31875,0.469352014,0.788102014,0.213660246,3.414200836861119,0.308510638,1.6999999284744263,0.8999999761581421,0.009854198433458805,-1.1415152251720428,88.83375562520754,13.96778978200687,0.3372951490804553,115.05457542513633,"Eugenio Suarez",12552,553993
"Salvador Perez","KCR",652,0.067484662,0.19785276,0.341085271,0.27118644,0.330261136,0.455932203,0.786193339,0.184745763,0.6124899025,0.302272727,,,-4.432483673095703,-1.1917557790875435,89.30747447071532,13.037771767954624,0.33502383720466283,114.98462991383784,"Salvador Perez",7304,521692
"Brendan Donovan","STL",652,0.072085889,0.124233128,0.580246913,0.277683134,0.342024539,0.41737649,0.759401029,0.139693356,3.2426383552299267,0.299798792,-1,1.5,0.5871855616569519,-2.382528677582741,87.84516057547722,11.57545787271653,0.33223725133146975,114.75282700897804,"Brendan Donovan",24679,680977
"Alec Bohm","PHI",606,0.0660066,0.141914191,0.465116279,0.279783393,0.331683168,0.447653429,0.779336597,0.167870036,3.42681256860347,0.305010893,-2.5,-2.4000000953674316,-1.7289947271347046,-0.8991670906543732,83.13111350644228,12.242402098661634,0.3352790382129467,114.74280641935762,"Alec Bohm",21618,664761
"Masataka Yoshida","BOS",421,0.064133016,0.123515439,0.519230769,0.28042328,0.349168646,0.415343915,0.764512561,0.134920635,2.623171900374116,0.301886792,-3.4999999552965164,0.20000000298023224,-1.9782510995864868,-0.5155209898948669,58.158876142672774,8.911107986442325,0.33647743681547476,114.68021704350343,"Masataka Yoshida",31837,807799
"Zach Neto","LAA",602,0.064784053,0.232558139,0.278571428,0.24907749,0.317725752,0.442804428,0.76053018,0.193726938,5.427538901161581,0.294736842,2.4000001549720764,-0.800000011920929,0.8781954646110535,0.9160286709666252,80.00337641831858,9.582577297057938,0.32995627543435024,114.11671062379766,"Zach Neto",31347,687263
"Carlos Santana","MIN",594,0.109427609,0.166666666,0.656565656,0.238003838,0.328282828,0.420345489,0.748628317,0.182341651,2.6731777933845136,0.251870324,,,-0.6092629432678223,-0.3286163881421089,77.26411797228867,7.779143424068036,0.32645044845171184,114.09852154200696,"Carlos Santana",2396,467793
"Randy Arozarena","- - -",648,0.11265432,0.260802469,0.431952662,0.218579234,0.331790123,0.387978142,0.719768265,0.169398908,4.181215446977907,0.274725274,-5.960464477539063e-8,1.9000000357627869,0.2077413871884346,-1.3286364525556564,81.12859974818394,5.326809331943249,0.3203924835464101,114.07055527986186,"Randy Arozarena",19290,668227
"Wilyer Abreu","BOS",447,0.089485458,0.279642058,0.32,0.253132832,0.322147651,0.458646616,0.780794267,0.205513784,4.955270715823892,0.325757575,0.8999999761581421,-0.4000000059604645,1.662065863609314,-0.3569069057703018,61.43540579648356,9.146207777873082,0.33560124473017067,114.06388563739888,"Wilyer Abreu",23772,677800
"Lars Nootbaar","STL",405,0.128395061,0.195061728,0.658227848,0.244252873,0.341584158,0.416666666,0.758250824,0.172413793,4.396969115549942,0.28076923,0.800000011920929,-1,1.6337225437164307,-0.6279387101531029,54.089117713510504,6.7129987033600695,0.3307730666737058,113.76733037008297,"Lars Nootbaar",21454,663457
"Tyler Stephenson","CIN",515,0.093203883,0.227184466,0.41025641,0.258205689,0.337864077,0.444201312,0.782065389,0.185995623,2.877410740252479,0.306501547,-2.8000000715255737,-0.6000000238418579,-2.5812594890594482,-0.7944452166557312,72.34023636037915,12.096529470928589,0.33936225926434554,111.60611329395655,"Tyler Stephenson",17988,663886
"Michael Conforto","SFG",488,0.086065573,0.241803278,0.355932203,0.237442922,0.309426229,0.449771689,0.759197918,0.212328767,2.7752216717856406,0.277227722,-1.1999999284744263,-1.899999976158142,-0.5737426280975342,-1.1942486464977264,63.5716728670338,6.48637391159328,0.32669340829829663,111.52063511736547,"Michael Conforto",16376,624424
"Miguel Rojas","LAD",337,0.068249258,0.100890207,0.676470588,0.283387622,0.337313432,0.410423452,0.747736884,0.12703583,4.193920578228096,0.301115241,1.399999976158142,-0.699999988079071,-0.4408315420150757,0.11123888194561005,43.99158732956716,4.5699771902567985,0.327027644328217,111.47697966035959,"Miguel Rojas",7802,500743
"Mike Tauchman","CHC",350,0.134285714,0.2,0.671428571,0.248322147,0.357142857,0.365771812,0.722914669,0.117449665,4.694492034018613,0.301801801,1.399999976158142,-0.5,0.47953981161117554,-0.43871714919805527,45.21626323161009,4.27393816110972,0.3253509421007974,111.19560432570732,"Mike Tauchman",15274,643565
"Taylor Ward","LAA",663,0.095022624,0.245852187,0.386503067,0.246153846,0.322775263,0.425641025,0.748416288,0.179487179,3.3095988622312538,0.29382716,0.8999999910593033,-0.20000000298023224,-0.8829261660575867,-1.690705619752407,85.66883817261484,8.112376681924133,0.32538151929820824,110.89873373349609,"Taylor Ward",17548,621493
"Luis García Jr.","WSN",528,0.051136363,0.162878787,0.313953488,0.282,0.318181818,0.444,0.762181818,0.162,4.923515832280151,0.309823677,-1.3000000715255737,-1.100000023841858,-0.8605079054832458,1.4120924919843674,69.3944942768419,7.630072456201328,0.3281335896412229,110.88673418137564,"Luis Garcia Jr.",20391,671277
"Josh Smith","TEX",592,0.077702702,0.204391891,0.380165289,0.258126195,0.337288135,0.393881453,0.731169588,0.135755258,4.4904452847743235,0.311224489,-2.2000001072883606,0.800000011920929,-0.7185999751091003,0.17455416917800903,75.22339675601444,5.972378351053811,0.3227134973367325,110.81133451815832,"Josh Smith",26396,669701
"Will Smith","LAD",544,0.09375,0.193014705,0.485714285,0.247899159,0.327205882,0.432773109,0.759978991,0.18487395,3.1997860280674426,0.272980501,0,0.4000000059604645,-0.004270128905773163,-1.1994516253471375,70.45455301706157,6.818482050340984,0.3257519090928996,110.61832240025325,"Will Smith",19197,669257
"Connor Wong","BOS",487,0.057494866,0.234086242,0.245614035,0.279642058,0.333333333,0.425055928,0.758389261,0.14541387,3.5179712950425386,0.347826086,2.5999999940395355,0.4000000059604645,2.0363237857818604,-2.2058127894997597,64.80912232061071,7.840801436800184,0.3301827815390125,110.25242797469576,"Connor Wong",19896,657136
"Oneil Cruz","PIT",599,0.085141903,0.302170283,0.281767955,0.258780036,0.323873121,0.449168207,0.773041328,0.190388171,6.152637337221064,0.346938775,1.600000023841858,1.100000023841858,2.306044340133667,2.9610863253474236,80.11566634367087,10.045801437300227,0.3310161504881952,109.87635802813169,"Oneil Cruz",21711,665833
"Wyatt Langford","TEX",557,0.091561938,0.206463195,0.44347826,0.25250501,0.324955116,0.414829659,0.739784775,0.162324649,6.406735742071665,0.296495956,1.8999998569488525,1.7000000476837158,2.810229778289795,1.535288654267788,70.05496922773125,4.898183329820664,0.32110500604667386,109.67988889666012,"Wyatt Langford",33333,694671
"Jake McCarthy","ARI",495,0.062626262,0.157575757,0.397435897,0.285067873,0.348979591,0.400452488,0.749432079,0.115384615,7.544205364211624,0.328690807,1.7000000476837158,1.5,3.1016793251037598,1.4492376446723938,65.49809319964736,7.59394774279683,0.3292398854998723,109.63283087810511,"Jake McCarthy",21622,664983
"Jazz Chisholm Jr.","- - -",621,0.085346215,0.244766505,0.34868421,0.256227758,0.323671497,0.43594306,0.759614557,0.179715302,6.272166708751539,0.30927835,2.1999999284744263,1.100000023841858,3.3711748123168945,2.7897499427199364,81.15295556868125,8.509573086450589,0.32729744707996195,109.56829919710812,"Jazz Chisholm Jr.",20454,665862
"Shea Langeliers","OAK",534,0.076779026,0.27153558,0.28275862,0.22406639,0.288389513,0.450207468,0.738596981,0.226141078,3.487135490739641,0.251592356,-1.8999998569488525,-1.2999999523162842,-1.9495112895965576,-0.8229323104023933,64.63247663984555,2.1661863894249764,0.31521909476671006,109.4924367781867,"Shea Langeliers",25816,669127
"Luis Arraez","- - -",672,0.035714285,0.043154761,0.827586206,0.313971742,0.346268656,0.392464678,0.738733334,0.078492936,4.393829729977638,0.323966942,1,-2.800000011920929,-0.07013756036758423,-0.914579451084137,85.42912508984362,6.819860954482912,0.3227873320343612,109.21471774923765,"Luis Arraez",18568,650333
"Brandon Nimmo","NYM",663,0.116138763,0.238310708,0.487341772,0.224168126,0.32730015,0.399299474,0.726599624,0.175131348,5.749694400311572,0.267175572,-0.4000000059604645,0.800000011920929,0.7399623990058899,1.6977503523230553,83.07112107393141,5.514659583240708,0.32051343887234024,108.90772891355446,"Brandon Nimmo",12927,607043
"Cody Bellinger","CHC",569,0.079086115,0.156414762,0.505617977,0.265503875,0.32513181,0.426356589,0.751488399,0.160852714,4.798991267724389,0.287439613,-0.10000002384185791,0.6000000238418579,1.4765983819961548,-0.0675973892211914,71.89068459512491,5.330161837654315,0.32181783715176837,108.81758251427196,"Cody Bellinger",15998,641355
"J.T. Realmuto","PHI",413,0.065375302,0.246973365,0.264705882,0.265789473,0.322033898,0.428947368,0.750981266,0.163157895,2.8863831898369163,0.328301886,-1.600000023841858,0,0.7011768221855164,-1.191362626850605,53.592872251922415,5.2809286687319785,0.32606597331542414,108.54178222320432,"J.T. Realmuto",11739,592663
"Ryan Mountcastle","BAL",507,0.053254437,0.224852071,0.236842105,0.270613107,0.307692307,0.424947145,0.732639452,0.154334038,3.62369804080058,0.326704545,-4.199999809265137,-1.5,-0.5956430435180664,-0.2760588750243187,61.48589440916657,2.1780120927560267,0.3155164792692873,108.35567881098306,"Ryan Mountcastle",18373,663624
"Brandon Marsh","PHI",476,0.105042016,0.323529411,0.324675324,0.248803827,0.328421052,0.418660287,0.747081339,0.16985646,6.063151883806754,0.347826086,1.9999998807907104,1.600000023841858,1.285709261894226,1.6378901451826096,61.655942639897276,5.974380544016765,0.3257733355070415,108.34481691896798,"Brandon Marsh",20202,669016
"Matt Vierling","DET",567,0.072310405,0.21340388,0.338842975,0.256756756,0.312169312,0.422779922,0.734949234,0.166023166,5.746383003794344,0.303108808,1.3999999985098839,0.10000000149011612,2.9896695613861084,-0.20734403282403946,69.6290746544762,3.302508040265589,0.3174157493316664,108.25815902065735,"Matt Vierling",21558,663837
"Lourdes Gurriel Jr.","ARI",553,0.052441229,0.182640144,0.287128712,0.278752436,0.32188065,0.434697855,0.756578505,0.155945419,4.581023880110067,0.313283208,1.600000023841858,-1.7000000476837158,-0.6247040629386902,-0.07048340886831284,72.0436165194006,7.35474290801,0.32670330580161966,107.92553886841074,"Lourdes Gurriel Jr.",19238,666971
"Royce Lewis","MIN",325,0.086153846,0.227692307,0.378378378,0.232876712,0.295384615,0.452054794,0.747439409,0.219178082,1.39285714,0.251207729,0,0,-0.6500747203826904,-0.4893301874399185,39.90972210159833,1.8918488218479843,0.3174114555766339,107.74030936238877,"Royce Lewis",20437,668904
"Vinnie Pasquantino","KCR",554,0.072202166,0.128158844,0.563380281,0.262096774,0.314647377,0.445564516,0.760211893,0.183467742,2.8406562026626996,0.264916467,-1.600000023841858,-0.6000000238418579,-0.6928081512451172,-0.7628755271434784,71.22685591829213,6.421004235271538,0.3245793902787609,107.63779265315769,"Vinnie Pasquantino",27676,686469
"Ramón Laureano","- - -",309,0.048543689,0.310679611,0.15625,0.258741258,0.310679611,0.437062937,0.747742548,0.178321679,4.832401629402648,0.35,0.29999998956918716,-0.10000000149011612,-0.592203825712204,-0.15170392394065857,39.60586682955396,3.4596426958836277,0.32408985736686435,107.602591172484,"Ramon Laureano",17128,657656
"Jonathan India","CIN",637,0.125588697,0.196232339,0.64,0.247654784,0.357480314,0.392120075,0.749600389,0.144465291,4.992068191498279,0.2925,1,-2.299999952316284,-0.40704095363616943,0.35356634855270386,86.40549932319597,11.890467694885283,0.33337109332948217,107.57364794843971,"Jonathan India",21523,663697
"Willi Castro","MIN",635,0.08031496,0.236220472,0.34,0.247311827,0.331230283,0.385304659,0.716534942,0.137992832,5.860423195953466,0.315,2.899999976158142,0.6000000238418579,1.5001896619796753,-2.1236300617456436,77.83034141732156,3.549265932270889,0.3171236067540262,107.53783062221416,"Willi Castro",17338,650489
"J.D. Martinez","NYM",495,0.098989898,0.284848484,0.34751773,0.235023041,0.3197556,0.405529953,0.725285553,0.170506912,1.4067460275,0.308243727,,,-1.4023962020874023,-0.9155209958553314,61.202871714877546,3.298726258027017,0.3184588671701746,107.52486132501862,"J.D. Martinez",6184,502110
"Ryan Jeffers","MIN",465,0.068817204,0.202150537,0.340425531,0.225728155,0.299568965,0.432038834,0.731607799,0.206310679,3.3217206688579033,0.237623762,-0.699999988079071,0,-0.6217295527458191,-0.15767253935337067,56.76375165203077,2.3689483440802745,0.316508739159025,107.10532019927001,"Ryan Jeffers",24618,680777
"CJ Abrams","WSN",602,0.066445182,0.212624584,0.3125,0.245841035,0.314475873,0.432532347,0.74700822,0.186691312,7.090476989515588,0.28463476,0.3999999761581421,1,1.3175113201141357,0.30601585656404495,76.26904206467003,5.848242943409398,0.32224908431238153,106.92605873488542,"CJ Abrams",25768,682928
"Corbin Carroll","ARI",684,0.106725146,0.190058479,0.561538461,0.23089983,0.321585903,0.427843803,0.749429706,0.196943973,8.673990006610342,0.255605381,5,2.4000000953674316,8.620501518249512,2.489268831908703,88.09539101040404,8.08239001548332,0.3248603077011837,106.68507481639462,"Corbin Carroll",25878,682998
"Gabriel Moreno","ARI",351,0.116809116,0.148148148,0.788461538,0.26557377,0.353276353,0.380327868,0.733604221,0.114754098,3.5997749866373376,0.302788844,-1.0000000596046448,-0.699999988079071,0.6573089957237244,-0.5863562151789665,45.19071007987647,4.131406937746091,0.324803192785808,106.64663256333931,"Gabriel Moreno",22664,672515
"Mike Yastrzemski","SFG",474,0.080168776,0.261603375,0.306451612,0.231308411,0.302325581,0.436915887,0.739241468,0.205607476,5.454428475654227,0.282229965,0.30000001192092896,0.5,2.8432235717773438,-0.9913626238703728,58.732083098287916,3.2844771456674056,0.31878834445092635,106.19998528639971,"Mike Yastrzemski",14854,573262
"Jake Burger","MIA",579,0.053540587,0.259067357,0.206666666,0.250467289,0.300518134,0.459813084,0.760331218,0.209345795,2.3689747878250884,0.291666666,-0.20000000298023224,0.10000000149011612,0.43337517976760864,-1.144204668700695,74.8316999047782,7.1013964310075846,0.3254176387547207,106.07292322454538,"Jake Burger",22275,669394
"Alec Burleson","STL",595,0.058823529,0.127731092,0.460526315,0.268738574,0.314189189,0.420475319,0.734664508,0.151736745,3.4029375020937627,0.276315789,-1.2000000476837158,1.2000000476837158,-2.086782693862915,-0.9644268527626991,73.61949532929351,4.017542709442874,0.31856830126127683,105.55268665784791,"Alec Burleson",27615,676475
"Andrew McCutchen","PIT",515,0.112621359,0.258252427,0.436090225,0.232142857,0.328155339,0.410714285,0.738869624,0.178571428,3.1518899720872278,0.282828282,,,-1.6312705278396606,-1.2281352952122688,66.18151879251677,5.93781190306622,0.32450418655510543,105.49335993111121,"Andrew McCutchen",9847,457705
"Jake Cronenworth","SDP",656,0.092987804,0.179878048,0.516949152,0.240901213,0.323619631,0.389948006,0.713567637,0.149046793,3.847668830979695,0.274157303,1.100000023841858,-0.8999999761581421,1.193126916885376,-1.08858522772789,79.2223652448987,2.4847502556179957,0.31488512410708,105.28264760943829,"Jake Cronenworth",18036,630105
"Dylan Moore","SEA",441,0.120181405,0.278911564,0.430894308,0.201086956,0.320454545,0.366847826,0.687302371,0.16576087,7.956632607102913,0.266666666,0.7000000029802322,-0.20000000298023224,0.9669102430343628,3.1570421382784843,50.035103948014296,-1.5522256408161808,0.3058058915485825,105.28023906462668,"Dylan Moore",18042,664238
"Austin Wells","NYY",414,0.11352657,0.210144927,0.540229885,0.228813559,0.322033898,0.395480225,0.717514123,0.166666666,2.3324322965951314,0.260536398,0,-0.20000000298023224,-0.4049886167049408,-1.4071474745869637,49.9657819761813,1.536860321360851,0.3147913115076522,105.21500517266054,"Austin Wells",27562,669224
"Nick Castellanos","PHI",659,0.062215477,0.210925644,0.294964028,0.254125412,0.311077389,0.430693069,0.741770458,0.176567657,4.518512308072733,0.293721973,,,-3.075660467147827,-0.7623064666986465,82.69967208424984,5.6111228800791375,0.32075803446806006,104.96917554016036,"Nick Castellanos",11737,592206
"Jon Singleton","HOU",405,0.116049382,0.274074074,0.423423423,0.233802816,0.320987654,0.385915492,0.706903146,0.152112676,2.0306776525,0.299145299,-3.4000000953674316,1.2999999523162842,-3.155109405517578,-0.8129195049405098,47.92751168813999,0.551392677989554,0.31187060688748774,104.71200333385661,"Jon Singleton",10441,572138
"Cedric Mullins","BAL",499,0.082164328,0.196392785,0.418367346,0.234234234,0.304878048,0.405405405,0.710283453,0.171171171,7.189148859611198,0.26060606,0.9000000953674316,2.4000000953674316,0.21197277307510376,3.0781179144978523,58.41752981180831,0.045472068437773634,0.3102922748501708,104.68086673562173,"Cedric Mullins",17929,656775
"Nolan Schanuel","LAA",607,0.112026359,0.169686985,0.660194174,0.250481695,0.343283582,0.362235067,0.705518649,0.111753372,3.5542422437535883,0.285365853,-3.8000001907348633,-1.5,-3.682248115539551,0.2138197049498558,73.5916175285399,2.58592804912926,0.3154721189889544,103.92825918950916,"Nolan Schanuel",33189,694384
"Starling Marte","NYM",370,0.072972972,0.218918918,0.333333333,0.268656716,0.326975476,0.388059701,0.715035177,0.119402985,6.796580516408067,0.333333333,,,0.07796015590429306,2.037321090698242,44.137739349050996,0.8558528459506026,0.31305298876892673,103.8863346088316,"Starling Marte",9241,516782
"Joey Ortiz","MIL",511,0.109589041,0.201565557,0.54368932,0.238636363,0.328740157,0.397727272,0.726467429,0.159090909,5.634865006625256,0.28313253,1.2000000476837158,0,1.0352445840835571,-1.2165912166237831,63.2859641471291,3.5101695441985528,0.3187137223838821,103.81063587569518,"Joey Ortiz",25493,687401
"Gleyber Torres","NYY",665,0.09774436,0.204511278,0.477941176,0.257240204,0.330316742,0.378194207,0.708510949,0.120954003,2.5920787753358905,0.306306306,-1.100000023841858,1.5,-2.748692035675049,-1.8198703974485397,79.12511066433575,1.3346930303850437,0.31267272580982514,103.72474872776066,"Gleyber Torres",16997,650402
"Adley Rutschman","BAL",638,0.09090909,0.161442006,0.563106796,0.250437828,0.318181818,0.390542907,0.708724725,0.140105079,2.0712860585714807,0.271929824,-0.6000000238418579,0.699999988079071,-1.8584625720977783,-1.0548951551318169,73.9763895997617,-0.6556201001789808,0.30890228964212374,103.70312275446855,"Adley Rutschman",26288,668939
"Masyn Winn","STL",637,0.064364207,0.171114599,0.376146788,0.267461669,0.313880126,0.415672913,0.729553039,0.148211244,5.474891199282469,0.303418803,4.5,2.4000000953674316,3.19822096824646,-0.9773256778717041,77.23457812164074,2.719546493330055,0.315483457292614,103.47637521276305,"Masyn Winn",27479,691026
"Travis d'Arnaud","ATL",341,0.070381231,0.260997067,0.269662921,0.237785016,0.302052785,0.436482084,0.738534869,0.198697068,2.4368729474746162,0.280193236,,,-0.8466258645057678,-0.3682544082403183,42.252903575231294,2.3633811494009316,0.31879015821865225,103.04128384158486,"Travis d'Arnaud",7739,518595
"Nico Hoerner","CHC",641,0.068642745,0.102964118,0.666666666,0.273195876,0.335413416,0.372852233,0.708265649,0.099656357,5.706708243522376,0.296875,3,0,2.5748026371002197,2.4203574135899544,76.4997140464478,1.5167701316171294,0.3131190129555762,102.96267755933381,"Nico Hoerner",21479,663538
"Miguel Andujar","OAK",319,0.040752351,0.131661442,0.309523809,0.284768211,0.319749216,0.377483443,0.697232659,0.092715232,3.428417149997098,0.319066147,-0.6000000238418579,-1.600000023841858,-1.171267032623291,-0.8650838658213615,36.18708578132248,-1.1289190686478607,0.3057821045474946,102.85426513893357,"Miguel Andujar",15878,609280
"Mark Canha","- - -",462,0.11038961,0.207792207,0.53125,0.241730279,0.344155844,0.346055979,0.690211823,0.1043257,3.751857923455006,0.298305084,1.7999999299645424,0,0.4943743646144867,0.3739851117134094,53.91054482376125,-0.13332426929924135,0.309831370478091,102.34740039034823,"Mark Canha",11445,592192
"Nolan Arenado","STL",635,0.069291338,0.144881889,0.478260869,0.271626297,0.324921135,0.394463667,0.719384802,0.12283737,2.028599066280086,0.295597484,,,-0.3721957206726074,-1.7122625038027763,76.05951885990382,1.7784433748531427,0.3136587862538386,102.24824652949398,"Nolan Arenado",9777,571448
"Michael Massey","KCR",356,0.042134831,0.15730337,0.267857142,0.259036144,0.29378531,0.44879518,0.74258049,0.189759036,3.7323941309981805,0.270676691,1.5,-1.2000000476837158,0.842171847820282,-0.3524695634841919,43.467129566164964,1.822936065884582,0.3165411601323244,101.9835374141075,"Michael Massey",27684,686681
"Francisco Alvarez","NYM",342,0.087719298,0.251461988,0.348837209,0.237012987,0.307017543,0.402597402,0.709614945,0.165584415,3.3686396314529636,0.291079812,-2.400000184774399,-0.4000000059604645,-1.3111392259597778,-0.8206153512001038,39.90955158780986,-0.09694890965050953,0.3098268491482874,101.7149215046937,"Francisco Alvarez",26121,682626
"Geraldo Perdomo","ARI",388,0.092783505,0.149484536,0.620689655,0.272997032,0.34383202,0.37388724,0.71771926,0.100890208,6.158746415569652,0.316725978,2.199999988079071,0.800000011920929,2.254850387573242,0.5662892684340477,47.56446626921936,2.1769744767789425,0.3171501502277344,101.49561033515909,"Geraldo Perdomo",22799,672695
"Ha-Seong Kim","SDP",470,0.123404255,0.163829787,0.753246753,0.23325062,0.330472103,0.369727047,0.70019915,0.136476427,6.225195805081488,0.261006289,0.10000000894069672,0.20000000298023224,0.912898600101471,1.4278773367404938,54.297463089392274,-0.6822305767082313,0.3083755688749867,100.90127073329558,"Ha-Seong Kim",27506,673490
"Richie Palacios","TBR",316,0.142405063,0.212025316,0.671641791,0.223484848,0.346031746,0.318181818,0.664213564,0.09469697,6.741187566707261,0.279792746,1.600000023841858,0,0.4074130952358246,2.6609983667731285,35.09456545742311,-1.870505177657228,0.30282458691551284,100.85382916243945,"Richie Palacios",24589,680700
"Logan O'Hoppe","LAA",522,0.06321839,0.296934865,0.212903225,0.244258872,0.303262955,0.409185803,0.712448758,0.164926931,2.82343567764418,0.318032786,-0.30000001192092896,0.20000000298023224,-2.9832260608673096,-1.7621099054813385,61.43545356621047,0.37290017534991593,0.31106662246865185,100.82934296955237,"Logan O'Hoppe",24729,681351
"Josh Bell","- - -",603,0.084577114,0.199004975,0.425,0.249070631,0.319397993,0.40520446,0.724602453,0.156133829,2.044744430906532,0.286069651,-2.8000000715255737,-3.4999998807907104,-2.4857563376426697,-1.5573000758886337,73.8188598494476,3.2810826565569577,0.31676103881056383,100.63183406299213,"Josh Bell",13145,605137
"Jesús Sánchez","MIA",537,0.076350093,0.260707635,0.292857142,0.251533742,0.313432835,0.417177914,0.730610749,0.165644172,4.906349293134188,0.315315315,-1.699999988079071,-0.800000011920929,-0.7753819823265076,1.4271117001771927,65.74755874813602,2.9303342828254375,0.31695893931478153,100.37963869019286,"Jesus Sanchez",19913,660821
"Rhys Hoskins","MIL",517,0.102514506,0.28820116,0.355704697,0.213808463,0.302912621,0.41870824,0.721620861,0.204899777,2.736229482794799,0.25,-4.600000083446503,-0.800000011920929,-2.9915618896484375,-0.3076285645365715,61.8312778886088,1.3536148558982546,0.31343205418104325,100.2557111371682,"Rhys Hoskins",16472,656555
"Jeremy Peña","HOU",650,0.038461538,0.17076923,0.225225225,0.26578073,0.307573415,0.393687707,0.701261122,0.127906977,5.44180708344053,0.300829875,2.9000000953674316,-0.5,1.8528697490692139,0.3624209836125374,73.35626578424237,-2.6794807752583316,0.3050573243998891,99.91940129350425,"Jeremy Pena",21636,665161
"Andy Pages","LAD",443,0.065462753,0.243792325,0.268518518,0.248138957,0.305429864,0.40694789,0.712377754,0.158808933,3.3216483440102356,0.304195804,0.10000000894069672,0.20000000298023224,0.8727454543113708,-1.383470207452774,51.693579283466214,-0.1277064486242593,0.3098208853022545,99.89565137881613,"Andy Pages",24816,681624
"Gavin Lux","LAD",487,0.090349075,0.225872689,0.4,0.250569476,0.320328542,0.382687927,0.703016469,0.132118451,4.302994380586197,0.311526479,2.2000000923871994,0.20000000298023224,1.5686465501785278,-0.7571034878492355,56.75435928480653,-0.21396159900398654,0.3096331884239244,99.76931851380176,"Gavin Lux",19955,666158
"Paul Goldschmidt","STL",654,0.071865443,0.264525993,0.2716763,0.245409015,0.301538461,0.414023372,0.715561833,0.168614357,4.457351272426405,0.307881773,,,-1.1635851860046387,1.1108457446098328,76.31600522846554,-0.1876536175551534,0.30982255549342547,99.66620026889004,"Paul Goldschmidt",9218,502671
"Daulton Varsho","TOR",513,0.093567251,0.26705653,0.350364963,0.213507625,0.29296875,0.407407407,0.700376157,0.193899782,7.29091479168161,0.262295081,2.200000286102295,2.0999999046325684,1.2150344848632812,0.3770677074790001,57.572060990072096,-2.4376897561184534,0.304275134421608,99.17202960769652,"Daulton Varsho",19918,662139
"Lane Thomas","- - -",528,0.083333333,0.259469696,0.321167883,0.237288135,0.308712121,0.400423728,0.709135849,0.163135593,6.450685431719183,0.298461538,2.500000089406967,0.9000000059604645,4.156763911247253,-0.20139546692371368,61.17557645427036,-0.5888453663702036,0.3088420941662291,99.14364798743559,"Lane Thomas",16939,657041
"Marcus Semien","TEX",718,0.08913649,0.146239554,0.609523809,0.236923076,0.307799442,0.39076923,0.698568672,0.153846154,4.285067644552573,0.250478011,,,2.465007781982422,-0.9330537393689156,81.5074980787842,-2.4827573515565704,0.30588280763373027,98.97228367035243,"Marcus Semien",12533,543760
"Dansby Swanson","CHC",593,0.091062394,0.242833052,0.375,0.241573033,0.311973018,0.389513108,0.701486126,0.147940075,5.818804777357938,0.299734748,2.5000000596046448,0.699999988079071,2.947111129760742,1.495826542377472,67.6451766038508,-1.7228198727398238,0.30656940884598216,98.55434504343681,"Dansby Swanson",18314,621020
"Carson Kelly","- - -",313,0.079872204,0.175718849,0.454545454,0.238434163,0.313099041,0.37366548,0.686764521,0.135231317,1.99978484625,0.266055045,-2.8999998569488525,-0.9000000357627869,-2.390363574028015,-0.623501367866993,35.09449005721845,-1.519646362971889,0.30414682855240455,98.51216319601266,"Carson Kelly",13620,608348
"Michael Harris II","ATL",470,0.04893617,0.2,0.244680851,0.263636363,0.304255319,0.418181818,0.722437137,0.154545455,5.021018747686419,0.3003003,0.9000000208616257,0.20000000298023224,-0.05829271301627159,-1.2903124615550041,55.685773722194476,0.7060800560939722,0.3120455870242007,98.50172511333591,"Michael Harris II",25931,671739
"Michael Toglia","COL",458,0.11790393,0.320960698,0.367346938,0.218045112,0.3107221,0.45614035,0.76686245,0.238095238,6.068953563468697,0.269565217,1.4999999552965164,-0.20000000298023224,0.27841004729270935,0.8215362280607224,60.60233364259953,7.0263768360590495,0.3292400415127094,98.16263431203512,"Michael Toglia",25845,669911
"Josh Lowe","TBR",387,0.082687338,0.317829457,0.260162601,0.240793201,0.302325581,0.390934844,0.693260425,0.150141643,6.579225381483386,0.337837837,-1.2999999523162842,1.2999999523162842,-0.6353504657745361,3.947815030813217,41.7082969990043,-3.562216721806118,0.29874266905821956,97.98252478205855,"Josh Lowe",19953,666139
"Will Brennan","CLE",353,0.053824362,0.135977337,0.395833333,0.263636363,0.308781869,0.387878787,0.696660656,0.124242424,4.033516362374765,0.287272727,-0.3999999761581421,-1.2999999523162842,0.2512039840221405,-0.6729762852191925,39.12146576666465,-2.171793518725728,0.30253500952000634,97.8432974834259,"Will Brennan",25660,686823
"Tyrone Taylor","NYM",345,0.055072463,0.231884057,0.2375,0.247648902,0.299418604,0.401253918,0.700672522,0.153605016,6.9444492819388755,0.309012875,-0.30000001192092896,1.2000000476837158,-0.2988090217113495,0.837517648935318,38.55141600302523,-1.8060187093251383,0.3036750242244398,97.57432164703549,"Tyrone Taylor",13675,621438
"Jeff McNeil","NYM",472,0.074152542,0.144067796,0.514705882,0.238207547,0.307855626,0.384433962,0.692289588,0.146226415,3.72499054486821,0.256484149,-3.0999998450279236,0.699999988079071,-1.7107378244400024,-0.24160316586494446,52.697234829017745,-2.51641498034276,0.3035550645057191,97.4935805335597,"Jeff McNeil",15362,643446
"Brenton Doyle","COL",603,0.07628524,0.253731343,0.300653594,0.260147601,0.317195325,0.446494464,0.763689789,0.186346863,6.862344664422878,0.315508021,2.7999998927116394,-0.699999988079071,2.4683825969696045,2.885813757777214,79.17775559901763,8.63997840612698,0.3279812993811923,97.31541457559823,"Brenton Doyle",25479,686668
"Andrew Vaughn","CHW",619,0.061389337,0.213247172,0.287878787,0.245614035,0.297253634,0.401754385,0.699008019,0.15614035,2.4990387234478275,0.285377358,-0.7999999523162842,-1,-1.8268593549728394,-0.6575845927000046,69.21183787646312,-3.1975884625075373,0.3037608829183994,96.95105768203113,"Andrew Vaughn",26197,683734
"Colt Keith","DET",556,0.064748201,0.197841726,0.327272727,0.259689922,0.309352517,0.379844961,0.689197478,0.120155039,4.492582264796475,0.306329113,0,1.2000000476837158,0.346914678812027,-0.09416067600250244,60.82924073419582,-4.210567092084773,0.3007700167838417,96.54921081293644,"Colt Keith",27899,690993
"Spencer Steer","CIN",656,0.109756097,0.208841463,0.525547445,0.224738675,0.31859756,0.402439024,0.721036584,0.177700349,6.0359583176139235,0.260143198,1.4999998807907104,1.100000023841858,1.9489351511001587,2.601117491722107,80.06436122540954,3.3267462361288374,0.3164798483593773,96.204682253762,"Spencer Steer",26323,668715
"Amed Rosario","- - -",346,0.02601156,0.210982658,0.123287671,0.280120481,0.306358381,0.379518072,0.685876453,0.099397591,5.574229936705535,0.350194552,1.0999999642372131,-1.5,0.7659086883068085,-0.0722106397151947,37.333540274112714,-3.1408725098676533,0.2989004953748229,96.17568021594116,"Amed Rosario",15518,642708
"Ozzie Albies","ATL",435,0.062068965,0.149425287,0.415384615,0.250626566,0.303448275,0.403508771,0.706957046,0.152882205,4.881846565586807,0.274390243,-0.19999998807907104,0.800000011920929,-0.1581120640039444,0.4688907563686371,49.79664638269967,-1.088814776350797,0.3070691708860726,95.15225593821283,"Ozzie Albies",16556,645277
"Wenceel Pérez","DET",425,0.075294117,0.216470588,0.347826086,0.241645244,0.300236406,0.383033419,0.683269825,0.141388175,6.173676914186193,0.294117647,3.0000000596046448,0.699999988079071,2.5205817222595215,-0.9827045649290085,45.811033679657555,-3.904646763092899,0.29876415132067163,95.13824408302922,"Wenceel Perez",22857,672761
"Xander Bogaerts","SDP",463,0.060475161,0.170626349,0.354430379,0.264018691,0.306695464,0.380841121,0.687536585,0.11682243,4.665972098419687,0.296511627,,,2.1356842517852783,0.47735223919153214,50.28334595048322,-3.8775012142072693,0.2997738561928916,95.11172848396507,"Xander Bogaerts",12161,593428
"Paul DeJong","- - -",482,0.047717842,0.323651452,0.147435897,0.226966292,0.275933609,0.426966292,0.702899901,0.2,2.325336281675258,0.285185185,-0.699999988079071,-0.30000001192092896,-1.2533610165119171,-1.1361156702041626,53.3606351873721,-3.0227953382884136,0.3023871950094136,95.00773613826533,"Paul DeJong",18015,657557
"George Springer","TOR",614,0.097719869,0.187296416,0.52173913,0.220183486,0.303425774,0.370642201,0.674067975,0.150458715,5.705144882559493,0.244552058,1.399999976158142,-2.0999999046325684,1.814963459968567,1.6505923941731453,65.96461653497713,-5.859919445843533,0.2983212936760745,94.98397643994454,"George Springer",12856,543807
"Ezequiel Tovar","COL",695,0.033093525,0.287769784,0.115,0.26870229,0.294629898,0.46870229,0.763332188,0.2,4.227253679400746,0.344036697,-0.30000007152557373,-1.600000023841858,1.892487645149231,-1.8273696675896645,89.26019085949174,7.9604310766409965,0.3244099165637826,94.9116291349422,"Ezequiel Tovar",24064,678662
"Jake Fraley","CIN",382,0.068062827,0.183246073,0.371428571,0.277142857,0.329842931,0.385714285,0.715557216,0.108571428,5.972818404723855,0.330935251,-1.1000000014901161,0.10000000149011612,0.4014042019844055,1.1857257783412933,45.85539506099049,1.1697716983300794,0.31398372625181187,94.52462097581216,"Jake Fraley",19260,641584
"Ernie Clement","TOR",452,0.024336283,0.090707964,0.268292682,0.262672811,0.284444444,0.407834101,0.692278545,0.14516129,5.349283558484934,0.266318537,-1.7999999523162842,-1.7000000476837158,0.19032472372055054,0.46677037328481674,48.226035178399066,-4.648053198361417,0.2974025495599267,94.33771306636119,"Ernie Clement",20352,676391
"Max Kepler","MIN",399,0.055137844,0.200501253,0.275,0.252717391,0.301507537,0.380434782,0.681942319,0.127717391,2.9548673491660935,0.300353356,0.7999999523162842,1,-0.33489280939102173,-0.5103180110454559,42.79194470733056,-3.882305873039867,0.2980898906238115,94.1491259960384,"Max Kepler",12144,596146
"Alejandro Kirk","TOR",386,0.090673575,0.132124352,0.686274509,0.252941176,0.318652849,0.358823529,0.677476378,0.105882353,0.9876847212500001,0.276450511,-4.999999761581421,-1.2000000476837158,-2.705562114715576,-0.7655649706721306,41.045094844482286,-4.108440804698124,0.29695486263795334,94.02280094293258,"Alejandro Kirk",22581,672386
"Charlie Blackmon","COL",499,0.086172344,0.172344689,0.5,0.256124721,0.328657314,0.412026726,0.74068404,0.155902005,5.14394633214148,0.292613636,,,0.07721349596977234,-0.5649959072470665,63.474958137874324,5.102900394503794,0.32288467776127744,93.88503887160977,"Charlie Blackmon",7859,453568
"Nick Gonzales","PIT",387,0.046511627,0.19121447,0.243243243,0.270194986,0.310880829,0.39832869,0.709209519,0.128133704,4.76041364988244,0.319148936,3.2000001668930054,-0.8999999761581421,1.1234450340270996,-0.9253372251987457,44.30375192010972,-0.9667618007006952,0.3070752961294992,93.7625219913555,"Nick Gonzales",27490,693304
"Isiah Kiner-Falefa","- - -",496,0.032258064,0.157258064,0.205128205,0.268817204,0.306288032,0.376344086,0.682632118,0.107526882,5.799540259573133,0.307086614,1.399999961256981,-0.29999999701976776,1.7782424688339233,0.4350041076540947,53.57095192834949,-4.450171600131041,0.29883789133590327,92.93828791772633,"Isiah Kiner-Falefa",16512,643396
"Andrew Benintendi","CHW",522,0.078544061,0.183908045,0.427083333,0.22851153,0.28927203,0.396226415,0.685498445,0.167714885,2.108044494327818,0.244505494,0.30000001192092896,-0.5,-0.7981072664260864,-1.078179270029068,55.90262175743762,-5.159931633422929,0.29789751367697104,92.82664401784545,"Andrew Benintendi",17901,643217
"Dominic Smith","- - -",307,0.091205211,0.247557003,0.368421052,0.232727272,0.312703583,0.378181818,0.690885401,0.145454546,2.23938175302304,0.300518134,0.10000001639127731,-0.30000000447034836,-1.1154067274183035,-0.7416911274194717,34.7762282749426,-1.136039715467728,0.30558141900972746,92.72428989558924,"Dominic Smith",15653,642086
"Ty France","- - -",535,0.071028037,0.213084112,0.333333333,0.233820459,0.304672897,0.365344467,0.670017364,0.131524008,1.5851350114081542,0.277310924,-2.0000001192092896,-1.5,-2.4324893951416016,-1.1994516253471375,56.53363487736132,-6.049633444689243,0.29612975432493976,92.66403211301485,"Ty France",17982,664034
"David Hamilton","BOS",317,0.06940063,0.25236593,0.275,0.248299319,0.302839116,0.394557823,0.697396939,0.146258504,7.675669630884189,0.31553398,2.5999996662139893,1.7999999523162842,1.728358268737793,4.427504897117615,35.719494139343276,-1.3625545673670616,0.3048386513622777,92.42484923903336,"David Hamilton",27531,666152
"Connor Joe","PIT",416,0.10576923,0.21875,0.483516483,0.228021978,0.319711538,0.368131868,0.687843406,0.14010989,3.0307026086991526,0.278195488,0.800000011920929,0,0.7979235053062439,-1.1992550492286682,46.91287622166228,-1.7500015764181622,0.3049523913716695,92.33366157238994,"Connor Joe",16572,656582
"Spencer Torkelson","DET",381,0.086614173,0.275590551,0.314285714,0.219298245,0.294736842,0.374269005,0.669005847,0.15497076,2.49999999625,0.285087719,-1.2999999821186066,0.4000000059604645,-0.5834366083145142,-0.6313937902450562,39.80504289477927,-4.763602396251143,0.29464481692565114,92.24062014590301,"Spencer Torkelson",27465,679529
"Jorge Polanco","SEA",469,0.098081023,0.292110874,0.335766423,0.213429256,0.296375266,0.354916067,0.651291333,0.141486811,2.4003702337995274,0.27443609,0.10000002384185791,-1.7999999523162842,-0.6495172381401062,-0.8702868446707726,46.13750975180649,-8.725205842664016,0.2870646742024647,92.09728405649697,"Jorge Polanco",13152,593871
"Adolis García","TEX",637,0.070643642,0.277864992,0.254237288,0.224137931,0.284144427,0.4,0.684144427,0.175862069,3.4816528285459327,0.2734375,-2.0000000596046448,0.30000001192092896,0.14653536677360535,-0.8273696526885033,67.14660527981111,-7.3684263484995665,0.2958071366069824,91.88485090815523,"Adolis Garcia",19287,666969
"Hunter Renfroe","KCR",424,0.08490566,0.198113207,0.428571428,0.228571428,0.297169811,0.392207792,0.689377603,0.163636364,1.8129891991113518,0.2543554,-1.2999999523162842,-0.6000000238418579,-2.6887683868408203,-0.9390016868710518,46.82310644049462,-2.7755959306258333,0.3020456982952244,91.78713353641939,"Hunter Renfroe",15464,592669
"Seth Brown","OAK",400,0.0625,0.28,0.223214285,0.231182795,0.2825,0.379032258,0.661532258,0.147849463,3.0461669024662523,0.291497975,-0.6000000238418579,0,0.037306614220142365,-0.6966535523533821,40.01675347642251,-6.774475175577918,0.28913666382431985,91.145522206631,"Seth Brown",18171,664913
"Josh Rojas","SEA",476,0.096638655,0.226890756,0.425925925,0.225118483,0.304439746,0.33649289,0.640932636,0.111374407,4.6830905723632075,0.282467532,-1.5000000298023224,0.4000000059604645,-1.1125422716140747,-0.5197617560625076,46.242547243859214,-9.439014852021293,0.2855414129414801,91.02579097798855,"Josh Rojas",19734,668942
"Tommy Pham","- - -",478,0.073221757,0.221757322,0.330188679,0.247727272,0.30543933,0.368181818,0.673621148,0.120454546,4.5581439390238145,0.306748466,-1.4999999776482582,0.29999998956918716,-2.416092097759247,-0.7147553563117981,50.6768768579205,-5.238641381220013,0.29656240730604866,90.89166733894564,"Tommy Pham",2967,502054
"Freddy Fermin","KCR",368,0.0625,0.179347826,0.348484848,0.27138643,0.318801089,0.36578171,0.684582799,0.09439528,2.8935860535957056,0.318518518,0.800000011920929,-1.399999976158142,-0.09896516799926758,-0.3576725423336029,40.14982124379336,-2.8981091160470283,0.30039438133031293,90.6255634606581,"Freddy Fermin",21840,666023
"Otto Lopez","MIA",434,0.057603686,0.172811059,0.333333333,0.270471464,0.313225058,0.377171215,0.690396273,0.106699751,5.504352347009584,0.317901234,1.2999999523162842,-1.5,0.8286504149436951,1.5512700751423836,48.058514137327485,-2.709968950092977,0.30242097917123073,90.59459499239875,"Otto Lopez",19608,672640
"Jo Adell","LAA",451,0.077605321,0.279379157,0.277777777,0.207407407,0.28,0.402469135,0.682469135,0.195061728,5.344422747753066,0.244274809,-0.10000000149011612,-0.10000000149011612,-1.2895328998565674,-1.7445972114801407,47.607737713660356,-5.149372591470121,0.2959931448998058,90.22635102211024,"Jo Adell",20220,666176
"Danny Jansen","- - -",324,0.12345679,0.188271604,0.655737704,0.205035971,0.308641975,0.348920863,0.657562838,0.143884892,1.3644480462500002,0.227488151,0.30000001192092896,0.3999999761581421,-0.46647171676158905,-0.6156089454889297,33.749397545097544,-4.151497663022799,0.2942591960783358,90.01000079262006,"Danny Jansen",16535,643376
"Rowdy Tellez","PIT",421,0.073634204,0.211401425,0.348314606,0.242819843,0.29928741,0.391644908,0.690932318,0.148825065,1.779160499253483,0.279720279,0.6000000238418579,-1.2000000476837158,-1.7995916604995728,-0.5497801229357719,46.116131201421986,-3.13163695480846,0.3009369958041683,89.63102511555812,"Rowdy Tellez",15679,642133
"J.P. Crawford","SEA",451,0.115299334,0.226164079,0.509803921,0.201530612,0.303769401,0.321428571,0.625197972,0.119897959,5.0496457043288565,0.24822695,0.7999999523162842,0.5,1.3067493438720703,0.13183355331420898,42.94715504322343,-9.809955261907046,0.2831537932355758,89.34629051768465,"J.P. Crawford",15491,641487
"Kevin Newman","ARI",311,0.048231511,0.154340836,0.3125,0.277777777,0.311475409,0.375,0.686475409,0.097222223,5.735191711564316,0.322175732,2.2999999076128006,-0.20000000298023224,0.2817392349243164,0.6188467815518379,33.4477923474926,-2.9323879294377275,0.2984641043371276,88.91862059429197,"Kevin Newman",17696,621028
"Ryan McMahon","COL",645,0.106976744,0.286821705,0.372972972,0.241622574,0.32503888,0.396825396,0.721864276,0.155202822,1.9477345316382575,0.319672131,2.9000000953674316,0.5,0.15968048572540283,-2.8691487535834312,78.16321390273743,2.712357701386733,0.31540381861777744,88.84990788394761,"Ryan McMahon",15112,641857
"TJ Friedl","CIN",341,0.076246334,0.152492668,0.5,0.225589225,0.309734513,0.38047138,0.690205893,0.154882155,4.985773589598632,0.228813559,1.0000001192092896,1.399999976158142,1.278831958770752,0.7162452936172485,38.46315380509601,-1.4263686207343476,0.30498200567071065,88.46584599144941,"TJ Friedl",19522,670770
"Bryson Stott","PHI",571,0.092819614,0.162872154,0.569892473,0.245059288,0.315236427,0.355731225,0.670967652,0.110671937,6.095890512070868,0.274939172,1.399999976158142,0.5,0.543927788734436,4.024794779717922,60.24005813514168,-6.554420765588932,0.2959171467705777,88.24955537256146,"Bryson Stott",26294,681082
"Mitch Garver","SEA",430,0.123255813,0.309302325,0.39849624,0.171662125,0.286046511,0.340599455,0.626645966,0.16893733,0.8792432775000001,0.216216216,-0.6000000461935997,-0.10000000149011612,-1.2844003438949585,-0.7182104364037514,40.313107359045496,-9.987463441854961,0.28132105885550035,88.05710772725122,"Mitch Garver",15161,641598
"Kevin Pillar","- - -",314,0.050955414,0.219745222,0.231884057,0.228873239,0.290734824,0.376760563,0.667495387,0.147887324,6.177353658078305,0.271428571,,,0.7562391832470894,0.6640809327363968,32.26075451369647,-4.470359978123871,0.2925059909637744,87.8910025378837,"Kevin Pillar",12434,607680
"Gavin Sheets","CHW",501,0.085828343,0.211576846,0.405660377,0.232815964,0.303393213,0.356984478,0.660377691,0.124168514,1.9671532847917557,0.281065088,-2.4000001549720764,0.30000001192092896,-1.5499428510665894,-1.3176413848996162,50.741924164522295,-7.864089722108235,0.29067656069337006,87.74727822529458,"Gavin Sheets",19901,657757
"Brendan Rodgers","COL",539,0.057513914,0.244897959,0.234848484,0.267465069,0.314126394,0.407185628,0.721312022,0.139720559,2.9536097602226405,0.337988826,-0.20000004768371582,-1.600000023841858,-0.07678041607141495,-0.786552794277668,64.53602559065281,1.484844982082237,0.31360177787322574,87.63701093991065,"Brendan Rodgers",17907,663898
"Oswaldo Cabrera","NYY",326,0.064417177,0.193251533,0.333333333,0.247491638,0.296296296,0.364548494,0.66084479,0.117056856,4.051681221458005,0.285714285,1.7000000029802322,-0.20000000298023224,0.16571256518363953,-0.6177293285727501,32.77686975347981,-5.357981597900537,0.2897587115014041,87.60656312088332,"Oswaldo Cabrera",21707,665828
"Jeimer Candelario","CIN",463,0.058315334,0.246220302,0.236842105,0.224824355,0.27861771,0.428571428,0.707189138,0.203747073,3.629279499071871,0.256756756,-2.2000001445412636,0.10000000149011612,0.26699939370155334,-1.0700902715325356,51.68245835770158,-2.4783888069889173,0.30352834692765107,87.48743401466132,"Jeimer Candelario",13621,600869
"Brice Turang","MIL",619,0.080775444,0.169628432,0.476190476,0.254025044,0.315960912,0.348837209,0.664798121,0.094812165,7.153037090320793,0.3,1.6000000461935997,0.10000000149011612,0.9154369235038757,6.3229589611291885,64.46465855729862,-7.944767781672045,0.29423238577694916,87.33301823787872,"Brice Turang",22186,668930
"Jake Bauers","MIL",346,0.112716763,0.341040462,0.330508474,0.198675496,0.300578034,0.360927152,0.661505186,0.162251656,6.86188673196086,0.279069767,-0.800000011920929,1.7999999523162842,-0.5055918097496033,1.5635998398065567,36.006286197136085,-4.4681265868442885,0.2941344585971556,87.26710653334659,"Jake Bauers",15194,641343
"Pete Crow-Armstrong","CHC",410,0.051219512,0.23902439,0.214285714,0.236559139,0.286069651,0.384408602,0.670478253,0.147849463,8.51062218520016,0.292134831,-0.5,1.100000023841858,1.3984185457229614,3.5220173746347427,41.11968536378249,-6.841324004517953,0.2894473162293434,87.03000305892458,"Pete Crow-Armstrong",27769,691718
"Ben Rortvedt","TBR",328,0.103658536,0.268292682,0.386363636,0.227586206,0.31707317,0.303448275,0.620521445,0.075862069,2.045873169591782,0.316582914,0.30000001937150955,-0.10000000149011612,-0.5818777680397034,-0.49453316628932953,31.217341877862392,-7.151465616777959,0.283089577061374,86.97182020926962,"Ben Rortvedt",20287,666163
"Abraham Toro","OAK",364,0.054945054,0.17032967,0.322580645,0.240356083,0.292817679,0.350148367,0.642966046,0.109792284,3.554000575755974,0.278810408,1.1000000834465027,0.30000001192092896,1.2484725713729858,-0.6492990180850029,34.61910720113101,-7.960910872189377,0.2830058539343012,86.83298532864347,"Abraham Toro",19844,647351
"Mauricio Dubón","HOU",428,0.037383177,0.128504672,0.29090909,0.268656716,0.296470588,0.360696517,0.657167105,0.092039801,2.9014730382241787,0.298850574,-0.09999999403953552,0.4000000059604645,-0.6182847619056702,-0.9755777791142464,41.843766430067014,-8.22284822757344,0.2863087520879858,86.73127265224035,"Mauricio Dubon",16530,643289
"Nolan Gorman","STL",402,0.084577114,0.37562189,0.225165562,0.202739726,0.271144278,0.4,0.671144278,0.197260274,3.5146106045490955,0.279187817,0.6000000238418579,1.899999976158142,-0.9001424312591553,0.21095435321331024,40.656931053379935,-6.368253741880492,0.290496850846117,86.65867633861815,"Nolan Gorman",22263,669357
"Jarred Kelenic","ATL",449,0.071269487,0.296213808,0.240601503,0.230582524,0.285714285,0.393203883,0.678918168,0.162621359,4.635880540359221,0.299625468,1,0.5,1.9064234495162964,-0.1361156553030014,46.734457949027124,-5.788696212843359,0.2941608500960689,86.46407123085812,"Jarred Kelenic",22558,672284
"Anthony Volpe","NYY",689,0.06095791,0.226415094,0.269230769,0.2433281,0.293002915,0.364207221,0.657210136,0.120879121,7.132715750361162,0.302966101,6,0.5,3.549936056137085,1.5495221763849258,67.93934466117163,-12.658546691899103,0.28735230665137296,85.91384880657668,"Anthony Volpe",27647,683011
"Sal Frelick","MIL",524,0.07442748,0.148854961,0.5,0.258947368,0.319845857,0.334736842,0.654582699,0.075789474,6.34139375302016,0.305555555,1,0.5,1.9594268798828125,1.2958265393972397,53.652346411063746,-7.644163123056809,0.29205405206808926,85.8668503354287,"Sal Frelick",29622,686217
"Emmanuel Rivera","- - -",302,0.086092715,0.228476821,0.376811594,0.237735849,0.312292358,0.343396226,0.655688584,0.105660377,3.80726662448327,0.295918367,-0.800000011920929,-0.6000000238418579,-0.5763115249574184,-0.21560893952846527,30.707466110893645,-4.619911521366678,0.29128454808776955,85.784625485081,"Emmanuel Rivera",19890,656896
"Jake Meyers","HOU",513,0.06822612,0.228070175,0.299145299,0.219088937,0.286274509,0.360086767,0.646361276,0.14099783,5.285995862322004,0.262686567,2.0999999046325684,-1.2000000476837158,2.08935284614563,0.11681434512138367,49.44046067334625,-10.569290072844298,0.28458094643611537,85.51589887204575,"Jake Meyers",20308,676694
"Max Schuemann","OAK",459,0.102396514,0.259259259,0.394957983,0.219696969,0.310572687,0.308080808,0.618653495,0.088383839,5.041119702298059,0.291970802,0.800000011920929,-0.699999988079071,0.8245733976364136,1.4479029476642609,42.87986027985593,-10.813074598314554,0.28090951227406574,85.35837579404581,"Max Schuemann",24488,680474
"Harrison Bader","NYM",437,0.048054919,0.217391304,0.221052631,0.236318407,0.28375286,0.373134328,0.656887188,0.136815921,5.203259553011847,0.275747508,-0.6000000238418579,0.4000000059604645,-1.0867692232131958,-0.5661540776491165,42.37905786504935,-8.740359437261118,0.2853290042199126,85.22619263496502,"Harrison Bader",18030,664056
"Mitch Haniger","SEA",423,0.094562647,0.29787234,0.317460317,0.207894736,0.286052009,0.334210526,0.620262535,0.12631579,1.27019358375,0.275720164,-0.8999999761581421,-0.5,-0.7969927191734314,-0.7655649706721306,38.16751835266687,-11.314205946823579,0.27694654563358206,84.97998579210847,"Mitch Haniger",14274,571745
"Jacob Young","WSN",521,0.057581573,0.195777351,0.294117647,0.256410256,0.31640625,0.331196581,0.647602831,0.074786325,6.68388386426377,0.320547945,1.3999999165534973,-0.30000001192092896,2.775109052658081,1.4923514127731323,52.31927450119618,-8.62630081803437,0.2896075388416648,84.95606118084855,"Jacob Young",29931,696285
"MJ Melendez","KCR",451,0.077605321,0.250554323,0.309734513,0.206310679,0.273333333,0.400485436,0.673818769,0.194174757,4.022826037665759,0.241134751,-0.30000001192092896,1,0.25970742106437683,-1.443526990711689,46.1422864883461,-6.614823816784381,0.29195600084313306,84.68983430019267,"MJ Melendez",22197,669004
"Anthony Rizzo","NYY",375,0.072,0.173333333,0.415384615,0.228486646,0.301333333,0.335311572,0.636644905,0.106824926,1.47098214,0.259398496,,,-2.0755765438079834,-0.7339952811598778,36.20359200949115,-7.663184851759248,0.2847893614768982,84.11102083124227,"Anthony Rizzo",3473,519203
"Tyler Freeman","CLE",383,0.073107049,0.138381201,0.528301886,0.209090909,0.305263157,0.321212121,0.626475278,0.112121212,5.4304809582346865,0.227106227,1.399999976158142,-1.7999999523162842,0.6393259763717651,-0.9640337005257607,36.402393821731465,-8.40020761255895,0.28292879375744623,84.05188492446241,"Tyler Freeman",22532,671289
"Luis Robert Jr.","CHW",425,0.065882352,0.331764705,0.19858156,0.223918575,0.278301886,0.37913486,0.657436746,0.155216285,5.207511856466942,0.30962343,-0.10000000149011612,0.20000000298023224,-0.5484068989753723,1.5148905590176582,41.19268654781793,-8.522993894932526,0.28526280544945415,83.9391322288258,"Luis Robert Jr.",20043,673357
"Blake Perkins","MIL",434,0.096774193,0.248847926,0.388888888,0.240208877,0.315668202,0.331592689,0.647260891,0.091383812,6.302876617627598,0.312727272,0.6999999284744263,0.8999999761581421,0.752139687538147,1.667339451611042,43.09992923768792,-7.6685538497325485,0.28822558540119586,83.29002984196227,"Blake Perkins",19921,663368
"Enrique Hernández","LAD",393,0.06870229,0.195928753,0.35064935,0.229281767,0.280612244,0.372928176,0.65354042,0.143646409,1.558673465,0.257246376,2.0999999046325684,-1.2000000476837158,1.1352964639663696,-0.6471786350011826,38.04598906311347,-7.92639308747695,0.2851201274565288,83.2703482068112,"Enrique Hernandez",10472,571771
"Alex Verdugo","NYY",621,0.078904991,0.149758454,0.52688172,0.232558139,0.290791599,0.355992844,0.646784443,0.123434705,2.94164272916458,0.252699784,-1.0000000596046448,-0.699999988079071,-1.3672975301742554,-1.0941606909036636,59.269123477086204,-13.374259005144458,0.2834208144509927,83.14835690521085,"Alex Verdugo",17027,657077
"Andrés Giménez","CLE",633,0.041074249,0.153238546,0.268041237,0.252144082,0.298412698,0.339622641,0.638035339,0.087478559,5.412758345616595,0.285714285,-0.5,1,-0.5217543244361877,2.7516425773501396,59.43467876659239,-14.612440575198288,0.28149777878259435,83.04527976744255,"Andres Gimenez",19950,665926
"José Caballero","TBR",483,0.055900621,0.275362318,0.203007518,0.226757369,0.283333333,0.346938775,0.630272108,0.120181406,6.241350626135541,0.301324503,3.8000001907348633,0.5,1.4146342277526855,1.5227629318833351,43.64445423804332,-12.855954359247194,0.27710887074221646,82.76486924839071,"Jose Caballero",23401,676609
"Miguel Amaya","CHC",363,0.063360881,0.170798898,0.370967741,0.231707317,0.287709497,0.356707317,0.644416814,0.125,2.16620878375,0.260536398,-1.9000000059604645,0.4000000059604645,-2.0739505290985107,-0.6313937902450562,34.54836137259459,-7.914678629095797,0.28308923717317636,82.75058003228885,"Miguel Amaya",21693,665804
"Leody Taveras","TEX",529,0.079395085,0.211720226,0.375,0.229166666,0.288973384,0.352083333,0.641056717,0.122916667,6.124604608561074,0.272222222,1,0.6000000238418579,0.38202735781669617,1.2228709310293198,49.944738747428495,-11.936661144842072,0.28214366399743257,82.2736852437316,"Leody Taveras",18900,665750
"Zack Gelof","OAK",547,0.069469835,0.34369287,0.202127659,0.211267605,0.270220588,0.362173038,0.632393626,0.150905433,6.3944593804763175,0.296296296,2.4000000953674316,0.5,1.3509055376052856,2.9325992316007614,49.12452357969951,-14.862481601911073,0.2764205327805351,82.200735945859,"Zack Gelof",29766,680869
"Christopher Morel","- - -",611,0.099836333,0.260229132,0.383647798,0.196261682,0.288052373,0.345794392,0.633846765,0.14953271,3.8400641683701764,0.233333333,0.10000000149011612,-1.4999999776482582,0.059757769107818604,-2.3241991251707077,56.8411842593753,-14.632417506555354,0.28043045436865405,81.89017896529853,"Christopher Morel",21897,666624
"Elias Díaz","- - -",351,0.056980056,0.196581196,0.289855072,0.264615384,0.313390313,0.381538461,0.694928774,0.116923077,0.83035714,0.317460317,-2.0000001192092896,-3.100000023841858,-2.241042612120509,-0.6471786350011826,38.890198276263085,-2.1691048658672827,0.30250530973888057,81.31288428230079,"Elias Diaz",11680,553869
"Gio Urshela","- - -",461,0.04989154,0.156182212,0.319444444,0.25,0.286334056,0.361111111,0.647445167,0.111111111,1.29859484,0.278089887,-0.10000002384185791,-0.7999999523162842,-1.9092998504638672,-0.8050270825624466,43.210522267217144,-10.71636875421335,0.2813197794167892,81.14010877018599,"Gio Urshela",10681,570482
"Patrick Bailey","SFG",448,0.087053571,0.223214285,0.39,0.234413965,0.297539149,0.339152119,0.636691268,0.104738154,3.8438246394915008,0.286666666,0.6000000238418579,-0.30000001192092896,0.5527548789978027,-0.05238160490989685,42.01802349762287,-10.388152592617606,0.2813692890290979,81.01439605535498,"Patrick Bailey",27478,672275
"Kyle Isbel","KCR",426,0.063380281,0.206572769,0.306818181,0.229166666,0.287081339,0.3671875,0.654268839,0.138020834,8.041870331381006,0.275862068,3.599999725818634,0.699999988079071,3.363755464553833,0.6717767789959908,41.627987170234604,-8.20467134414585,0.28624969877694784,80.67590489464632,"Kyle Isbel",21614,664728
"Davis Schneider","TOR",454,0.103524229,0.317180616,0.326388888,0.191435768,0.281938325,0.342569269,0.624507594,0.151133501,4.696147041559156,0.257142857,-1.2000000476837158,1.7000000476837158,-0.8696879148483276,0.45021989196538925,41.157237472763406,-11.950807047257083,0.2774735540808035,80.31925066306782,"Davis Schneider",23565,676914
"Lenyn Sosa","CHW",369,0.032520325,0.208672086,0.155844155,0.253561253,0.283378746,0.358974358,0.642353104,0.105413105,2.434599244566451,0.303370786,0.10000000149011612,0.10000000149011612,-0.27630242705345154,-0.4521850347518921,34.138656620823745,-9.026251810646649,0.27978696946889325,80.08731737440891,"Lenyn Sosa",22896,672820
"Edouard Julien","MIN",301,0.109634551,0.338870431,0.323529411,0.19924812,0.292358803,0.32330827,0.615667073,0.12406015,4.616901636303888,0.288461538,0.30000007152557373,0.8999999761581421,-0.8779419660568237,0.6396380290389061,27.360025876469283,-7.850373684161038,0.2777747092056908,79.85901251669414,"Edouard Julien",27534,666397
"Whit Merrifield","- - -",335,0.104477611,0.15522388,0.673076923,0.221843003,0.311178247,0.313993174,0.625171421,0.092150171,7.1273873647144095,0.257383966,0.30000001192092896,-0.30000000447034836,1.5587186217308044,1.4983400776982307,31.96020280897556,-7.227451187074802,0.2832089419451365,79.51704903672774,"Whit Merrifield",11281,593160
"Mickey Moniak","LAA",418,0.050239234,0.272727272,0.184210526,0.219387755,0.265550239,0.38010204,0.645652279,0.160714285,5.0874721643794,0.271698113,-1.7999999523162842,1.5,-0.6272269487380981,-0.6356345564126968,38.93933541748259,-9.957498523857861,0.28058166652204886,79.38560240314072,"Mickey Moniak",19956,666160
"Ceddanne Rafaela","BOS",571,0.026269702,0.264448336,0.099337748,0.246323529,0.274165202,0.389705882,0.663871084,0.143382353,6.622561129224165,0.312335958,0.6000000238418579,0.5,1.739073395729065,-1.1340153366327286,55.70084342620756,-11.09363547452304,0.28604016988210273,79.20161346957882,"Ceddanne Rafaela",24262,678882
"Brayan Rocchio","CLE",442,0.099547511,0.203619909,0.488888888,0.206266318,0.297727272,0.315926892,0.613654164,0.109660574,3.9937184641587686,0.244827586,-0.2999999523162842,-1.5,-0.92479008436203,-1.250850349664688,39.49471692820562,-12.209590732254851,0.2758581871866908,79.07827586903122,"Brayan Rocchio",23690,677587
"Manuel Margot","MIN",343,0.061224489,0.157434402,0.388888888,0.238095238,0.289473684,0.336507936,0.62598162,0.098412698,4.775061313393214,0.273076923,0.10000002384185791,-1.7000000476837158,0.5398139953613281,0.39228349179029465,30.75631820534505,-9.367160363745315,0.2762483206757328,78.78531965332579,"Manuel Margot",14712,622534
"Jose Siri","TBR",448,0.069196428,0.379464285,0.182352941,0.186567164,0.254504504,0.365671641,0.620176145,0.179104477,5.436140097422556,0.261467889,2.400000214576721,0.8999999761581421,2.1819276809692383,-0.6506537646055222,38.20021177840958,-14.205964311830895,0.2707812407532254,78.31388509339176,"Jose Siri",17452,642350
"Eloy Jiménez","- - -",349,0.063037249,0.200573065,0.314285714,0.23765432,0.28939828,0.336419753,0.625818033,0.098765433,2.702786904247132,0.285140562,-3.5999998077750206,-1.8999999538064003,-2.4826520681381226,-0.031393781304359436,31.21516743712007,-9.610179561750304,0.27594698914166155,78.29834419211687,"Eloy Jimenez",17484,650391
"Bryan De La Cruz","- - -",622,0.046623794,0.273311897,0.170588235,0.232876712,0.2705314,0.383561643,0.654093043,0.150684931,2.8215931404902204,0.288944723,-1.6000000163912773,0.20000001043081284,-1.8269468545913696,-0.7649959102272987,58.9903798562678,-13.76998069759286,0.28260191400204937,77.31262602451719,"Bryan De La Cruz",19600,650559
"Jonny DeLuca","TBR",362,0.066298342,0.212707182,0.311688311,0.216867469,0.277777777,0.331325301,0.609103078,0.114457832,6.315373463050683,0.26506024,-0.8999999761581421,1.399999976158142,0.48706915974617004,0.16224507242441177,30.31241376959206,-12.033648160468328,0.26887733275511805,76.9746373265509,"Jonny DeLuca",26365,676356
"Nicky Lopez","CHW",445,0.083146067,0.150561797,0.552238805,0.24120603,0.312072892,0.293969849,0.606042741,0.052763819,3.716672203903176,0.287878787,2.9000001549720764,0.699999988079071,2.3349263668060303,-2.79002795368433,39.506931723042726,-12.548310152307753,0.2751438505014146,76.8212526724623,"Nicky Lopez",19339,670032
"Jake Cave","COL",346,0.052023121,0.283236994,0.183673469,0.250773993,0.289855072,0.396284829,0.686139901,0.145510836,6.423048462611329,0.334841628,1.2000000774860382,-0.4000000059604645,0.8483869433403015,-0.37037479132413864,36.29106947223137,-4.183343311749003,0.2951570868838665,75.2224695915322,"Jake Cave",14477,595909
"Zach McKinstry","DET",325,0.073846153,0.212307692,0.347826086,0.215488215,0.276923076,0.336700336,0.613623412,0.121212121,8.182889690034097,0.265486725,0.800000011920929,0.699999988079071,2.384751319885254,2.6712077483534813,27.58020015566939,-10.437673124080954,0.27027658737622773,75.09950984100749,"Zach McKinstry",19392,656716
"Will Benson","CIN",388,0.103092783,0.396907216,0.259740259,0.186588921,0.273901808,0.376093294,0.649995102,0.189504373,6.070623517031729,0.282485875,-2.200000047683716,1.100000023841858,-1.4161757230758667,-0.19540680199861526,37.515610750465484,-7.871881041974934,0.2849717613030466,74.99757990681644,"Will Benson",21853,666181
"Santiago Espinal","CIN",391,0.061381074,0.138107416,0.444444444,0.246498599,0.294573643,0.355742296,0.650315939,0.109243697,3.97868738331626,0.265100671,-1.5999999046325684,-0.5,-0.17201246321201324,1.0688907653093338,37.696237420547575,-8.042188586782848,0.28462399411077943,74.76350874831883,"Santiago Espinal",19997,669289
"Bo Naylor","CLE",389,0.074550128,0.313624678,0.237704918,0.200564971,0.263565891,0.350282485,0.613848376,0.149717514,4.664255977005386,0.262443438,-0.8999999761581421,0.5,-0.34367215633392334,-0.6148433089256287,32.47376707261082,-13.030702791459593,0.2685594781075117,73.94421485094172,"Bo Naylor",21865,666310
"Ildemaro Vargas","WSN",303,0.06270627,0.102310231,0.612903225,0.246323529,0.295302013,0.31617647,0.611478483,0.069852941,3.575412099929574,0.269387755,-0.3999999761581421,-1.100000023841858,-0.3850443959236145,-0.3803875967860222,25.87504772182575,-9.569307982064574,0.27094010958735576,72.39160171230857,"Ildemaro Vargas",13324,545121
"Orlando Arcia","ATL",602,0.068106312,0.212624584,0.3203125,0.217785843,0.271214642,0.353901996,0.625116638,0.136116153,2.0444970432687226,0.249394673,-1.0999999046325684,-1.5,-0.5413470268249512,-0.554983101785183,52.2538383383485,-18.166960782912145,0.2726847584048907,72.00918941931086,"Orlando Arcia",13185,606115
"Jared Triolo","PIT",446,0.094170403,0.264573991,0.355932203,0.21573604,0.295964125,0.314720812,0.610684937,0.098984772,4.206971650509287,0.279411764,-0.800000011920929,0.8999999761581421,-0.3131491541862488,0.31104230880737305,39.37224867346463,-12.799971273515844,0.2745213358926132,71.85147530331722,"Jared Triolo",25807,669707
"Jake Rogers","DET",337,0.065281899,0.293768545,0.222222222,0.196774193,0.255192878,0.351612903,0.606805781,0.15483871,4.14979811640543,0.251231527,1.2999999821186066,-0.4000000059604645,-0.38787806034088135,-0.25776049494743347,26.947473082284247,-12.47413705702611,0.2641894125512668,70.81766675888227,"Jake Rogers",19452,668670
"Keibert Ruiz","WSN",485,0.03298969,0.111340206,0.296296296,0.228758169,0.259793814,0.359477124,0.619270938,0.130718955,2.8589724476783003,0.231738035,-0.8000000715255737,-0.8999999761581421,-0.6157652139663696,-0.5311092585325241,40.46007359101335,-16.274291149537177,0.26848829947796066,70.74136544654421,"Keibert Ruiz",19610,660688
"Bo Bichette","TOR",336,0.059523809,0.19047619,0.3125,0.225080385,0.276785714,0.321543408,0.598329122,0.096463023,4.361952771572888,0.269387755,0.10000002384185791,-2,-0.42210355401039124,0.03463161736726761,26.717296399378977,-12.58733566830138,0.2636339559483884,70.58419470908426,"Bo Bichette",19612,666182
"Jonah Heim","TEX",491,0.052953156,0.183299389,0.288888888,0.220043572,0.266802443,0.335511982,0.602314425,0.11546841,2.3672370667827267,0.245810055,-0.2999999523162842,-1.7000000476837158,-1.8272517919540405,-1.0337107554078102,39.66230705054934,-17.773926119781184,0.2652030060344704,70.35728047613486,"Jonah Heim",16930,641680
"Maikel Garcia","KCR",626,0.067092651,0.164536741,0.40776699,0.231304347,0.281350482,0.332173913,0.613524395,0.100869566,7.985479513283506,0.268085106,2.8000000417232513,0.4000000059604645,2.5574116706848145,5.516617849469185,53.02579406843255,-20.202478771948112,0.27008225181861706,69.30339253796373,"Maikel Garcia",22715,672580
"Johan Rojas","PHI",363,0.035812672,0.190082644,0.188405797,0.24260355,0.278873239,0.322485207,0.601358446,0.079881657,8.090054337530129,0.296992481,1.4000000357627869,0.30000001192092896,2.0357868671417236,2.7406882271170616,29.39983700705922,-13.06320299463117,0.26546722213986895,67.75466887101899,"Johan Rojas",24336,679032
"Joey Meneses","WSN",313,0.067092651,0.201277955,0.333333333,0.231316725,0.290734824,0.302491103,0.593225927,0.071174378,2.328994254511964,0.280542986,0.20000004768371582,-1.2000000476837158,0.06403063237667084,-0.19982409477233887,24.924580776038944,-11.689555644151387,0.26377744093919414,67.57063473874229,"Joey Meneses",14366,608841
"Thairo Estrada","SFG",381,0.026246719,0.199475065,0.131578947,0.217032967,0.24671916,0.343406593,0.590125753,0.126373626,4.243184354561524,0.24911032,1.299999974668026,0.10000000149011612,1.0724180936813354,-0.9466975331306458,28.059125109667846,-16.50952018136256,0.25634105749956265,64.16868064708623,"Thairo Estrada",16426,642731
"Korey Lee","CHW",394,0.043147208,0.30964467,0.139344262,0.209549071,0.243654822,0.347480106,0.591134928,0.137931035,4.131428112618052,0.275720164,1.100000023841858,-1.100000023841858,1.5026735067367554,-0.5595963522791862,29.26867752782589,-16.820682694394534,0.25713620890820693,64.15430982976815,"Korey Lee",25543,686676
"Michael Siani","STL",334,0.062874251,0.275449101,0.228260869,0.228187919,0.284829721,0.285234899,0.57006462,0.05704698,7.466304106798214,0.321951219,0.2999999523162842,1.2000000476837158,0.6827092170715332,2.1456946209073067,24.724127907553846,-14.346548016866512,0.25681112332978856,63.985872693226376,"Michael Siani",22557,672279
"Christian Vázquez","MIN",315,0.034920634,0.206349206,0.169230769,0.221088435,0.248387096,0.326530612,0.574917708,0.105442177,3.2781304363664012,0.256637168,-1.6999999284744263,-1.899999976158142,-2.2580082416534424,-0.27855174243450165,21.602679260393625,-15.245413303056713,0.25004671965875935,60.35457841765688,"Christian Vazquez",9774,543877
"Ke'Bryan Hayes","PIT",396,0.058080808,0.189393939,0.306666666,0.232876712,0.282828282,0.290410958,0.57323924,0.057534246,4.4227327662949065,0.279310344,2.299999952316284,-1,-0.1770557314157486,0.6165298223495483,28.96899515234878,-17.35432121313164,0.25572980929024614,59.203489813138845,"Ke'Bryan Hayes",18577,663647
"Adam Duvall","ATL",330,0.063636363,0.3,0.212121212,0.181518151,0.245454545,0.323432343,0.568886888,0.141914192,1.248626365,0.226804123,-0.5000000223517418,-0.10000000149011612,0.19815759360790253,-0.4735453426837921,23.13492741762252,-15.467836220277832,0.2519425843701218,58.04828449775619,"Adam Duvall",10950,594807
"Nick Fortes","MIA",335,0.03283582,0.122388059,0.268292682,0.227272727,0.259146341,0.318181818,0.577328159,0.090909091,1.7803265062506972,0.246268656,-0.6000000461935997,-0.10000000149011612,-1.3300466537475586,-0.9180138632655144,23.632729953776863,-15.554924042273493,0.2524887932146468,56.986811184551506,"Nick Fortes",21538,663743
"Michael A. Taylor","PIT",300,0.076666666,0.35,0.219047619,0.19330855,0.253378378,0.289962825,0.543341203,0.096654275,6.8068900423716485,0.288343558,3.0999999046325684,0.5,1.0908634662628174,1.5214482843875885,18.60597626018959,-16.48744522881073,0.24189622176660075,49.89253717057174,"Michael A. Taylor",11489,572191
"Eddie Rosario","- - -",319,0.050156739,0.24137931,0.207792207,0.175084175,0.214511041,0.316498316,0.531009357,0.141414141,5.379318050553565,0.196261682,-0.4000000059604645,0.5,1.012040709494613,1.0319421887397766,16.80841160895574,-20.5075932410146,0.23036869880904912,44.631762656159424,"Eddie Rosario",12155,592696
"Brandon Drury","LAA",360,0.075,0.225,0.333333333,0.169230769,0.241666666,0.227692307,0.469358973,0.058461538,2.414235202634007,0.209876543,-1.2000000476837158,-2.200000047683716,-1.523587942123413,-0.3998240977525711,15.002690696012603,-27.10941509078778,0.21661757826805114,34.39195647206862,"Brandon Drury",11615,592273